2014-03-27,568,568,552.92,558.46,13052,-0.01679577464788726
2014-03-28,561.2,566.43,558.67,559.99,41003,-0.0021560940841055527
2014-03-31,566.89,567,556.93,556.97,10772,-0.01749898569387352
2014-04-01,558.71,568.45,558.71,567.16,7932,0.01512412521701765
2014-04-02,599.99,604.83,562.19,567,146697,-0.05498424973749564
2014-04-03,569.85,587.28,564.13,569.74,5087500,-1.9303325436520775E-4
2014-04-04,574.65,577.77,543,543.14,6377600,-0.054833376838075334
2014-04-07,540.74,548.48,527.15,538.15,4368717,-0.004789732588674838
2014-04-08,543.07,555,541.61,554.9,3148563,0.021783563813136293
2014-04-09,559.77,565.37,552.95,564.14,3323579,0.007806777783732613
2014-04-10,564.99,565,539.9,540.95,4027113,-0.042549425653551326
2014-04-11,532.5,540,526.53,530.6,3915647,-0.003568075117370849
2014-04-14,537.74,544.1,529.56,532.52,2565391,-0.009707293487559094
2014-04-15,536.82,538.45,518.46,536.44,3846267,-7.078722849372144E-4
2014-04-16,543,557,540,556.54,4869745,0.024935543278084647
2014-04-17,548.81,549.5,531.15,536.1,6792593,-0.023159198994187283
2014-04-21,536.1,536.7,525.6,528.62,2559924,-0.013952620779705311
2014-04-22,528.64,537.23,527.51,534.81,2358993,0.01167145883777232
2014-04-23,533.79,533.87,526.25,526.94,2049887,-0.012832761947582214
2014-04-24,529.97,531.65,522.12,525.16,1879376,-0.009075985433137836
2014-04-25,522.51,524.7,515.42,516.18,2096997,-0.012114600677499074
2014-04-28,517.55,518.6,502.8,517.15,3325565,-7.72872186262153E-4
2014-04-29,516.91,529.46,516.32,527.7,2691849,0.020874039968273157
2014-04-30,527.6,528,522.52,526.66,1746405,-0.0017816527672480185
2014-05-01,527.15,532.93,523.88,531.35,1900411,0.007967371715830495
2014-05-02,533.76,534,525.61,527.93,1684811,-0.01092251199040775
2014-05-05,524.73,528.9,521.32,527.81,1021301,0.0058696853619955545
2014-05-06,525.23,526.81,515.06,515.14,1647435,-0.019210631532852334
2014-05-07,515.79,516.68,503.3,509.96,3215781,-0.011303049690765591
2014-05-08,508.41,517.23,506.45,511,2015769,0.005094313644499469
2014-05-09,510.75,519.9,504.2,518.73,2432671,0.015624082232011782
2014-05-12,523.51,530.19,519.01,529.92,1907512,0.012244274225898202
2014-05-13,530.89,536.07,529.51,533.09,1648167,0.004143984629584369
2014-05-14,533,533,525.29,526.65,1191754,-0.011913696060037567
2014-05-15,525.7,525.87,517.42,519.98,1702167,-0.010880730454631971
2014-05-16,521.39,521.8,515.44,520.63,1481243,-0.0014576420721532652
2014-05-19,519.7,529.78,517.58,528.86,1276212,0.017625553203771342
2014-05-20,529.74,536.23,526.3,529.77,1779878,5.663155510245161E-5
2014-05-21,532.9,539.18,531.91,538.94,1193037,0.011334209044849086
2014-05-22,541.13,547.6,540.78,545.06,1611408,0.007262580156339419
2014-05-23,547.26,553.64,543.7,552.7,1929328,0.009940430508350792
2014-05-27,556,566,554.35,565.95,2099837,0.01789568345323749
2014-05-28,564.57,567.84,561,561.68,1647630,-0.005118940078289848
2014-05-29,563.47,564,558.71,560.08,1350576,-0.006016291905514022
2014-05-30,560.8,561.35,555.91,559.89,1766212,-0.0016226818830241945
2014-06-02,560.7,560.9,545.73,553.93,1434964,-0.012074192973069548
2014-06-03,550.65,552.34,542.55,544.94,1861757,-0.010369563243439432
2014-06-04,541.5,548.61,538.75,544.66,1811683,0.005835641735918685
2014-06-05,545.62,554.95,544.45,553.9,1684584,0.015175396796305071
2014-06-06,558.06,558.06,548.93,556.33,1732230,-0.003100025086908047
2014-06-09,556.99,562.9,556.04,562.12,1525766,0.00921021921398947
2014-06-10,560.51,563.6,557.9,560.55,1349400,7.136357959708769E-5
2014-06-11,558,559.88,555.02,558.84,1097160,0.0015053763440860785
2014-06-12,557.63,557.99,548.46,551.35,1456195,-0.011261947886591418
2014-06-13,552.25,552.3,545.56,551.76,1217151,-8.872793119058562E-4
2014-06-16,549.26,549.62,541.52,544.28,1703947,-0.009066744346939552
2014-06-17,544.2,545.32,539.33,543.01,1445815,-0.0021866960676222976
2014-06-18,544.86,553.56,544,553.37,1737113,0.015618691039900141
2014-06-19,554.24,555,548.51,554.9,2451308,0.0011908198614318131
2014-06-20,556.89,557.58,550.39,556.36,4496612,-9.517139830127543E-4
2014-06-23,555,565,554.25,564.95,1534262,0.01792792792792801
2014-06-24,565.19,572.65,561.01,564.62,2201744,-0.0010085104124277675
2014-06-25,565.26,579.96,565.22,578.65,1964197,0.02368821427307785
2014-06-26,581,582.45,571.85,576,1736760,-0.008605851979345954
2014-06-27,577.18,579.87,573.8,577.24,2231027,1.0395370594971954E-4
2014-06-30,578.66,579.57,574.75,575.28,1310883,-0.005841081118446057
2014-07-01,578.32,584.4,576.65,582.67,1446244,0.007521787245815308
2014-07-02,583.35,585.44,580.39,582.34,1054900,-0.0017313791034541713
2014-07-03,583.35,585.01,580.92,584.73,712210,0.002365646695808683
2014-07-07,583.76,586.43,579.59,582.25,1061733,-0.002586679457311208
2014-07-08,577.66,579.53,566.14,571.09,1908582,-0.011373472284734856
2014-07-09,571.58,576.72,569.38,576.08,1113907,0.007872913677875362
2014-07-10,565.91,576.59,565.01,571.1,1353108,0.009171069604707559
2014-07-11,571.91,580.85,571.42,579.18,1617369,0.012711790316658185
2014-07-14,582.6,585.21,578.03,584.87,1851650,0.0038963268108478917
2014-07-15,585.74,585.8,576.56,584.78,1618617,-0.0016389524362345688
2014-07-16,588,588.4,582.2,582.66,1394327,-0.009081632653061278
2014-07-17,579.53,580.99,568.61,573.73,3011977,-0.010008110020188695
2014-07-18,593,596.8,582,595.08,4005766,0.0035075885328837114
2014-07-21,591.75,594.4,585.23,589.47,2058451,-0.0038529784537388637
2014-07-22,590.72,599.65,590.6,594.74,1694527,0.006805254604550348
2014-07-23,593.23,597.85,592.5,595.98,1229831,0.004635638791025403
2014-07-24,596.45,599.5,591.77,593.35,1033269,-0.005197418056836319
2014-07-25,590.4,591.86,587.03,589.02,931892,-0.002337398373983732
2014-07-28,588.07,592.5,584.75,590.6,984121,0.004302208920706672
2014-07-29,588.75,589.7,583.52,585.61,1346492,-0.00533333333333331
2014-07-30,586.55,589.5,584,587.42,1013742,0.0014832495098457158
2014-07-31,580.6,583.65,570,571.6,2099265,-0.015501205649328281
2014-08-01,570.4,575.96,562.85,566.07,1949981,-0.0075911640953715415
2014-08-04,569.04,575.35,564.1,573.15,1427169,0.007222690847743593
2014-08-05,571.03,571.98,562.61,565.07,1556183,-0.01043728000280182
2014-08-06,561.78,570.7,560,566.37,1330782,0.00817045818647875
2014-08-07,568,569.89,561.1,563.36,1108264,-0.008169014084507018
2014-08-08,564,570.25,560.35,568.77,1492470,0.008457446808510606
2014-08-11,569.99,570.49,566,567.88,1215761,-0.003701819330163711
2014-08-12,564.52,565.9,560.88,562.73,1537758,-0.0031708353999857644
2014-08-13,567.3,575,565.75,574.78,1437834,0.013185263528997036
2014-08-14,576.18,577.9,570.88,574.65,982926,-0.00265542018119333
2014-08-15,577.86,579.38,570.52,573.48,1517056,-0.007579690582494022
2014-08-18,576.11,584.51,576,582.16,1282182,0.0105014667337834
2014-08-19,585,587.34,584,586.86,979275,0.003179487179487203
2014-08-20,585.88,586.7,582.57,584.49,1033908,-0.0023724994879497276
2014-08-21,583.74,584.5,581.14,583.37,912779,-6.338438345838979E-4
2014-08-22,583.59,585.24,580.64,582.56,788942,-0.0017649377131206607
2014-08-25,584.72,585,579,580.2,1358570,-0.007730195649199585
2014-08-26,581.26,581.8,576.58,577.86,1635360,-0.005849361731411033
2014-08-27,577.27,578.49,570.1,571,1699812,-0.01086146863685967
2014-08-28,569.56,573.25,567.1,569.2,1295833,-6.32066858627537E-4
2014-08-29,571.37,572.04,567.07,571.6,1080847,4.025412604792309E-4
2014-09-02,571.85,577.83,571.19,577.33,1576565,0.00958293258721696
2014-09-03,580.22,582.99,575,577.94,1214564,-0.003929543966081784
2014-09-04,580,586,579.22,581.98,1459841,0.0034137931034483072
2014-09-05,583.98,586.55,581.95,586.08,1629456,0.0035960135621083303
2014-09-08,586.6,591.77,586.3,589.72,1429096,0.005318786225707474
2014-09-09,588.9,589,580,581.01,1286716,-0.013397860417727945
2014-09-10,581.5,583.5,576.94,583.1,974789,0.0027515047291487922
2014-09-11,580.36,581.81,576.26,581.35,1217650,0.001705837755875679
2014-09-12,580.95,581.64,574.46,575.62,1597626,-0.009174627764867958
2014-09-15,572.94,574.95,568.21,573.1,1596194,2.792613537193566E-4
2014-09-16,572.76,581.5,572.66,579.95,1477504,0.012553250925344045
2014-09-17,580.01,587.52,578.78,584.77,1690551,0.008206755055947295
2014-09-18,587.3,589.54,585,589.27,1441508,0.00335433339009029
2014-09-19,591.5,596.48,589.5,596.08,3726476,0.007743026204564735
2014-09-22,593.82,593.95,583.46,587.37,1685121,-0.010861877336566713
2014-09-23,586.85,586.85,581,581.13,1467395,-0.00974695407685103
2014-09-24,581.46,589.63,580.52,587.99,1724537,0.011230351184948187
2014-09-25,587.56,587.98,574.18,575.06,1924964,-0.02127442303764722
2014-09-26,576.06,579.25,574.66,577.1,1439807,0.0018053674964414773
2014-09-29,571.8,578.19,571.17,576.36,1281201,0.007974816369360021
2014-09-30,576.93,579.85,572.85,577.36,1618437,7.453243894407704E-4
2014-10-01,576.01,577.58,567.01,568.27,1444196,-0.013437266714119562
2014-10-02,567.31,571.91,563.32,570.08,1175267,0.004882692002608972
2014-10-03,573.05,577.22,572.5,575.28,1138634,0.003891457987959198
2014-10-06,579,581,574.44,577.35,1211320,-0.002849740932642448
2014-10-07,574.4,575.27,563.74,563.74,1906108,-0.018558495821726965
2014-10-08,565.57,573.88,557.49,572.5,1987688,0.012253125165761885
2014-10-09,571.17,571.49,559.06,560.88,2519159,-0.0180156520825673
2014-10-10,558.34,565.13,544.05,544.49,3077521,-0.024805673962101985
2014-10-13,544.99,549.5,533.1,533.21,2576138,-0.021615075505972536
2014-10-14,538.9,547.19,533.17,537.94,2217210,-0.0017814065689365796
2014-10-15,530.45,532.8,518.3,530.03,3709966,-7.917805636724908E-4
2014-10-16,519,529.43,515,524.51,3687669,0.01061657032755297
2014-10-17,527.25,530.98,508.53,511.17,5530303,-0.030497866287339942
2014-10-20,509.45,521.76,508.1,520.84,2604933,0.022357444302679445
2014-10-21,525,526.79,519.11,526.54,2331955,0.002933333333333264
2014-10-22,529.89,539.8,528.8,532.71,2916572,0.005321859253807489
2014-10-23,539.32,547.22,535.85,543.98,2345112,0.008640510272194556
2014-10-24,544.36,544.88,535.79,539.78,1972043,-0.008413549856712544
2014-10-27,537.03,544.41,537.03,540.77,1184973,0.006964229186451426
2014-10-28,543,548.98,541.62,548.9,1273272,0.010865561694290935
2014-10-29,550,554.19,546.98,549.33,1767007,-0.0012181818181817437
2014-10-30,548.95,552.8,543.51,550.31,1451667,0.002477456963293378
2014-10-31,559.35,559.57,554.75,559.08,2032887,-4.827031375703617E-4
2014-11-03,555.5,557.9,553.23,555.22,1378504,-5.04050405040455E-4
2014-11-04,552.72,555.5,549.3,554.11,1240251,0.002514835721522627
2014-11-05,556.8,556.8,544.05,545.92,2026692,-0.019540229885057464
2014-11-06,545.73,546.89,540.97,542.04,1328463,-0.006761585399373416
2014-11-07,546.21,546.21,538.67,541.01,1629159,-0.009520147928452509
2014-11-10,541.46,549.59,541.02,547.49,1131533,0.011136556717024291
2014-11-11,548.49,551.94,546.3,550.29,964716,0.0032817371328555753
2014-11-12,550.38,550.46,545.17,547.31,1126301,-0.0055779643155638835
2014-11-13,549.63,549.8,543.48,545.38,1335697,-0.007732474573804196
2014-11-14,546.68,546.68,542.15,544.4,1285841,-0.0041706299846344715
2014-11-17,543.58,543.79,534.06,536.51,1721145,-0.013006365208433072
2014-11-18,537.5,541.94,534.17,535.03,1957367,-0.004595348837209353
2014-11-19,535,538.24,530.08,536.99,1388234,0.003719626168224316
2014-11-20,531.25,535.11,531.08,534.83,1558476,0.006738823529411842
2014-11-21,541.61,542.14,536.56,537.5,2218137,-0.007588486180092712
2014-11-24,537.65,542.7,535.62,539.27,1701562,0.0030131126197340363
2014-11-25,539,543.98,538.6,541.08,1784967,0.0038589981447125065
2014-11-26,541.47,541.55,537.04,540.37,1519474,-0.0020315068240161463
2014-11-28,540.15,542,536.6,541.83,1145231,0.003110247153568571
2014-12-01,538.9,541.41,531.86,533.8,2109498,-0.009463722397476382
2014-12-02,533.95,535.5,529.8,533.75,1522426,-3.745669070138505E-4
2014-12-03,531.44,536,529.26,531.32,1279137,-2.258015956646179E-4
2014-12-04,531.16,537.34,528.59,537.31,1392208,0.011578432110851678
2014-12-05,531,532.89,524.28,525.26,2557697,-0.010809792843691166
2014-12-08,527.13,531,523.79,526.98,2326833,-2.845597860109978E-4
2014-12-09,522.65,534.19,520.5,533.37,1871268,0.020510858126853587
2014-12-10,532.96,536.33,525.56,526.06,1716785,-0.01294656259381584
2014-12-11,527.8,533.92,527.1,528.34,1610954,0.001023114816218411
2014-12-12,523.51,528.5,518.66,518.66,1988118,-0.009264388454852864
2014-12-15,522.74,523.1,513.27,513.8,2812509,-0.017102192294448586
2014-12-16,511.56,513.05,489,495.39,3947212,-0.03160919540229888
2014-12-17,497,507,496.81,504.89,2874963,0.0158752515090543
2014-12-18,512.35,513.87,504.7,511.1,2918096,-0.002439738460037084
2014-12-19,511.51,517.72,506.91,516.35,3679797,0.009462180602529827
2014-12-22,516.68,526.46,516.08,524.87,2723599,0.015851203839901015
2014-12-23,527,534.56,526.29,530.59,2191455,0.00681214421252378
2014-12-24,530.51,531.76,527.02,528.77,704035,-0.003279862773557537
2014-12-26,528.77,534.25,527.31,534.03,1037687,0.00994761427463735
2014-12-29,532.19,535.48,530.01,530.33,2276094,-0.0034949923899359504
2014-12-30,528.17,531.15,527.13,530.42,873863,0.004259992048014844
2014-12-31,531.25,532.6,525.8,526.4,1370404,-0.009129411764705926
2015-01-02,529.01,531.27,524.1,524.81,1446432,-0.00793935842422647
2015-01-05,523.26,524.33,513.06,513.87,2052886,-0.017945189771815133
2015-01-06,515,516.17,501.05,501.96,2891303,-0.025320388349514604
2015-01-07,507,507.24,499.65,501.1,2059169,-0.011637080867850053
2015-01-08,497.99,503.48,491,502.68,3344104,0.00941785979638145
2015-01-09,504.76,504.92,494.79,496.17,2065665,-0.0170179887471273
2015-01-12,494.94,495.98,487.56,492.55,2320364,-0.004828868145633786
2015-01-13,497.75,502.98,492.39,496.18,2365648,-0.003154193872425903
2015-01-14,494.65,503.23,493,500.87,2229598,0.012574547659961645
2015-01-15,504,505.68,497.76,501.79,2710991,-0.004384920634920594
2015-01-16,500.01,508.19,500,508.08,2291740,0.016139677206455857
2015-01-20,511,512.5,506.02,506.9,3480577,-0.008023483365949165
2015-01-21,507.25,519.28,506.2,518.04,3673165,0.02127156234598317
2015-01-22,521.49,536.33,519.7,534.39,4591098,0.024736811827647656
2015-01-23,535.59,542.17,533,539.95,3974914,0.008140555275490605
2015-01-26,538.17,539,529.67,535.21,1538819,-0.0055001207796791405
2015-01-27,529.97,530.7,518.19,518.63,1898200,-0.021397437590807086
2015-01-28,522.78,522.99,510,510,1659379,-0.024446229771605595
2015-01-29,511,511.09,501.2,510.66,4169949,-6.65362035225E-4
2015-01-30,515.86,539.87,515.52,534.52,5590800,0.03617260497034073
2015-02-02,531.46,533,518.55,528.48,2841867,-0.005607195273397844
2015-02-03,528,533.4,523.26,529.24,2033080,0.0023484848484848658
2015-02-04,529.24,532.67,521.27,522.76,1658697,-0.012243972488851973
2015-02-05,523.79,528.5,522.09,527.58,1844552,0.007235724240630935
2015-02-06,528.13,537.2,526.41,531,1758502,0.0054342680779353655
2015-02-09,528,532,526.02,527.83,1263805,-3.2196969696961946E-4
2015-02-10,529.3,537.7,526.92,536.94,1744835,0.014434158322312679
2015-02-11,535.3,538.45,533.38,535.97,1373770,0.0012516345974221423
2015-02-12,537.11,544.82,534.67,542.93,1615822,0.01083576920928662
2015-02-13,543.35,549.91,543.13,549.01,1878974,0.010416858378577285
2015-02-17,546.83,550,541.09,542.84,1612238,-0.007296600405976279
2015-02-18,541.4,545.49,537.51,539.7,1448741,-0.0031400073882525523
2015-02-19,538.04,543.11,538.01,542.87,987464,0.008977027730280354
2015-02-20,543.13,543.75,535.8,538.95,1441212,-0.007696131681181209
2015-02-23,536.3,536.44,529.41,531.91,1453637,-0.008185716949468557
2015-02-24,529.7,536.79,528.25,536.09,1002393,0.012063432131395102
2015-02-25,535.9,546.22,535.45,543.87,1821016,0.01487217764508309
2015-02-26,543,556.14,541.5,555.48,2305009,0.022983425414364673
2015-02-27,554.24,564.71,552.9,558.4,2403553,0.00750577367205537
2015-03-02,560.53,572.15,558.75,571.34,2123700,0.019285319251422867
2015-03-03,570.45,575.39,566.52,573.64,1700000,0.005592076430887791
2015-03-04,571.87,577.11,568.01,573.37,1871600,0.0026229737527759807
2015-03-05,575.26,577.91,573.41,575.33,1385800,1.2168410805557491E-4
2015-03-06,574.96,576.68,566.76,567.68,1654500,-0.012661750382635463
2015-03-09,566.86,570.27,563.53,568.85,1059300,0.0035105669830293356
2015-03-10,563.71,564.85,554.73,555.01,1787300,-0.01543346756310877
2015-03-11,555.14,558.14,550.68,551.18,1815700,-0.007133335735129943
2015-03-12,553.63,556.37,545.36,545.38,1386450,-0.014901649115835486
2015-03-13,553.5,558.4,544.22,547.32,1698800,-0.01116531165311644
2015-03-16,550,556.85,546,554.51,1636400,0.008199999999999983
2015-03-17,551.71,553.8,548,550.84,1800500,-0.0015769154084573499
2015-03-18,552.5,559.78,547,559.5,2128700,0.012669683257918552
2015-03-19,558.11,560.8,556.15,557.99,1194000,-2.1501137768541068E-4
2015-03-20,561.65,561.72,559.05,560.36,2609600,-0.0022968040594675753
2015-03-23,560.43,562.36,555.83,558.81,1639300,-0.0028906375461699137
2015-03-24,562.56,574.59,561.21,570.19,2576200,0.01356299772468734
2015-03-25,570.5,572.26,558.74,558.78,2146300,-0.020543382997370775
2015-03-26,557.59,558.9,550.65,555.17,1568300,-0.004340106529887682
2015-03-27,552.91,555.28,548.13,548.34,1892300,-0.008265359642618033
2015-03-30,551.62,553.47,548.17,552.03,1283900,7.432652913236796E-4
2015-03-31,550,554.71,546.72,548,1583600,-0.0036363636363636364
2015-04-01,548.6,551.14,539.5,542.56,1957700,-0.01100984323733153
2015-04-02,540.85,540.85,533.85,535.53,1711700,-0.009836368678931404
2015-04-06,532.22,538.41,529.57,536.77,1320700,0.00854909623839757
2015-04-07,538.08,542.69,536,537.02,1299295,-0.0019699672911092383
2015-04-08,538.74,543.85,538.38,541.61,1175300,0.005327245053272459
2015-04-09,541.03,541.95,535.49,540.78,1551968,-4.620815851246696E-4
2015-04-10,542.29,542.29,537.31,540.01,1405500,-0.004204392483726369
2015-04-13,538.41,544.06,537.31,539.17,1640800,0.0014115636782377574
2015-04-14,536.06,537.57,528.09,530.39,2597000,-0.01057717419691818
2015-04-15,528.7,534.73,523.22,532.53,2305980,0.007244183847172171
2015-04-16,529.9,535.59,529.61,533.8,1296304,0.007359879222494768
2015-04-17,527.27,529.84,521.01,524.05,2145900,-0.006106928139283531
2015-04-20,525.6,536.09,524.5,535.38,1675487,0.01860730593607301
2015-04-21,537.51,539.39,533.67,533.97,1839618,-0.006585923982809555
2015-04-22,534.4,541.08,531.75,539.36,1588911,0.009281437125748571
2015-04-23,541.1,550.96,540.23,547,4173300,0.010903714655331688
2015-04-24,566.1,571.14,557.25,565.06,4919000,-0.0018371312488960913
2015-04-27,563.12,565.95,553.2,555.37,2398000,-0.013762608325046171
2015-04-28,553.85,556.02,550.37,553.68,1490900,-3.0694231290073624E-4
2015-04-29,550.02,553.68,546.91,549.08,1698700,-0.0017090287625903438
2015-04-30,547.87,548.59,535.05,537.34,2082200,-0.01921988792961829
2015-05-01,538.43,539.54,532.1,537.9,1768100,-9.843433686829723E-4
2015-05-04,538.53,544.07,535.06,540.78,1307900,0.004178040220600524
2015-05-05,538.21,539.74,530.39,530.8,1383000,-0.013767860128946102
2015-05-06,531.24,532.38,521.09,524.22,1566967,-0.013214366388073153
2015-05-07,523.99,533.46,521.75,530.7,1546248,0.012805587892898788
2015-05-08,536.61,541.15,536,538.22,1527600,0.0030003168036376766
2015-05-11,538.37,541.98,535.4,535.7,905200,-0.00495941452904129
2015-05-12,531.47,533.21,525.26,529.04,1634174,-0.004572224208327965
2015-05-13,530.56,534.32,528.66,529.62,1253000,-0.0017717129071168972
2015-05-14,533.76,539,532.41,538.4,1403900,0.008693045563549136
2015-05-15,539.18,539.27,530.38,533.85,1970842,-0.009885381505248578
2015-05-18,532.05,534.82,528.85,532.3,2003130,4.6988065031482005E-4
2015-05-19,533.55,540.66,533.04,537.36,1966900,0.007140849030081641
2015-05-20,538.49,542.92,532.97,539.27,1430800,0.0014484948652713563
2015-05-21,538.68,543.84,535.98,542.51,1462600,0.007109972525432616
2015-05-22,540.15,544.19,539.51,540.11,1176200,-7.40535036563244E-5
2015-05-26,538.12,539,529.88,532.32,2406480,-0.0107782650709878
2015-05-27,532.8,540.55,531.71,539.79,1525000,0.013119369369369388
2015-05-28,538.01,540.61,536.25,539.78,1029849,0.003289901674690028
2015-05-29,537.04,538.63,531.45,532.11,2597400,-0.009179949352003483
2015-06-01,535.6,536.79,529.76,533.99,1904300,-0.0030059746079163807
2015-06-02,532.21,543,531.33,539.18,1938989,0.013096334153811302
2015-06-03,539.91,543.5,537.11,540.31,1717000,7.408642181103837E-4
2015-06-04,537.76,540.59,534.32,536.7,1348300,-0.0019711395418029335
2015-06-05,536.35,537.2,532.52,533.33,1388200,-0.005630651626736239
2015-06-08,533.31,534.12,526.24,526.83,1524100,-0.0121505315857567
2015-06-09,527.56,529.2,523.01,526.69,1455266,-0.0016491015239970637
2015-06-10,529.4,538.36,529.35,536.69,1814938,0.013770306006800298
2015-06-11,538.42,538.98,533.02,534.61,1217536,-0.00707626016864148
2015-06-12,531.63,533.12,530.16,532.33,955400,0.001316705227319838
2015-06-15,528,528.3,524,527.2,1632700,-0.001515151515151429
2015-06-16,528.4,529.64,525.56,528.15,1071800,-4.7312641937925814E-4
2015-06-17,529.37,530.98,525.1,529.26,1294200,-2.0779417042902628E-4
2015-06-18,531,538.15,530.79,536.73,1833100,0.010790960451977435
2015-06-19,537.21,538.25,533.01,536.69,1893400,-9.679641108690861E-4
2015-06-22,539.59,543.74,537.53,538.19,1250200,-0.0025945625382234236
2015-06-23,539.64,541.5,535.25,540.48,1197450,0.0015565932844118892
2015-06-24,540,540,535.66,537.84,1286600,-0.003999999999999941
2015-06-25,539.66,540.9,535.23,535.23,1335600,-0.008208872252899882
2015-06-26,537.26,537.76,531.35,531.69,2109100,-0.010367419871198184
2015-06-29,525.41,528.61,520.54,521.52,1937800,-0.007403741839706109
2015-06-30,526.2,526.25,520.5,520.51,2235595,-0.010813378943367643
2015-07-01,524.73,525.69,518.23,521.84,1961300,-0.0055075943818725555
2015-07-02,521.08,524.65,521.08,523.4,1235900,0.004452291394795302
2015-07-06,519.5,525.25,519,522.86,1280500,0.006467757459095311
2015-07-07,523.13,526.18,515.18,525.02,1597200,0.003612868694206003
2015-07-08,521.05,522.73,516.11,516.83,1296600,-0.008099030803185709
2015-07-09,523.12,523.77,520.35,520.68,1842300,-0.004664321761737373
2015-07-10,526.29,532.56,525.55,530.13,1956600,0.0072963575215186155
2015-07-13,532.88,547.11,532.4,546.55,2206400,0.02565305509683223
2015-07-14,546.76,565.85,546.71,561.1,3244066,0.02622722949740294
2015-07-15,560.13,566.5,556.79,560.22,1784234,1.606769856998051E-4
2015-07-16,565.12,580.68,565,579.85,4768300,0.02606526047565122
2015-07-17,649,674.47,645,672.93,11164900,0.03687211093990747
2015-07-20,659.24,668.88,653.01,663.02,5860800,0.005733875371640029
2015-07-21,655.21,673,654.3,662.3,3377100,0.01082095816608403
2015-07-22,660.89,678.64,659,662.1,3929300,0.001830864440375912
2015-07-23,661.27,663.63,641,644.28,3029100,-0.02569298471123748
2015-07-24,647,648.17,622.52,623.56,3625700,-0.036228748068006265
2015-07-27,621,634.3,620.5,627.26,2675300,0.010080515297906588
2015-07-28,632.83,632.83,623.31,628,1727300,-0.007632381524264084
2015-07-29,628.8,633.36,622.65,631.93,1575000,0.004977735368956736
2015-07-30,630,635.22,622.05,632.59,1474200,0.004111111111111162
2015-07-31,631.38,632.91,625.5,625.61,1706100,-0.009138712027622006
2015-08-03,625.34,633.06,625.34,631.21,1304511,0.00938689352991973
2015-08-04,628.42,634.81,627.16,629.25,1490800,0.001320772731612681
2015-08-05,634.33,647.86,633.16,643.78,2334200,0.014897608500307302
2015-08-06,645,645.38,632.25,642.68,1572235,-0.0035968992248062793
2015-08-07,640.23,642.68,629.71,635.3,1403800,-0.007700357683957427
2015-08-10,639.48,643.44,631.25,633.73,1809200,-0.008991680740601738
2015-08-11,669.2,674.9,654.27,660.78,5027531,-0.012582187686790305
2015-08-12,663.08,665,652.29,659.56,2940800,-0.0053085600530857445
2015-08-13,659.32,664.5,651.66,656.45,1810700,-0.0043529697263847665
2015-08-14,655.01,659.85,652.66,657.12,1072000,0.0032213248652692536
2015-08-17,656.8,661.38,651.24,660.87,1051600,0.006196711327649285
2015-08-18,661.9,664,653.46,656.13,1456000,-0.008717328901646747
2015-08-19,656.6,667,654.19,660.9,2134000,0.0065488882120011485
2015-08-20,655.46,662.99,642.9,646.83,2855200,-0.013166325939035174
2015-08-21,639.78,640.05,612.33,612.48,4265100,-0.042670918128106465
2015-08-24,573,614,565.05,589.61,5770302,0.02898778359511346
2015-08-25,614.91,617.45,581.11,582.06,3537900,-0.05342245206615606
2015-08-26,610.35,631.71,599.05,628.62,4235800,0.02993364463013022
2015-08-27,639.4,643.59,622,637.61,3491300,-0.0027994995308100777
2015-08-28,632.82,636.88,624.56,630.38,1978700,-0.0038557567712778585
2015-08-31,627.54,635.8,617.68,618.25,2176700,-0.0148038372055964
2015-09-01,602.36,612.86,594.1,597.79,3702100,-0.007586825154392805
2015-09-02,605.59,614.34,599.71,614.34,2575600,0.01444871943063789
2015-09-03,617,619.71,602.82,606.25,1759500,-0.017423014586709886
2015-09-04,600,603.47,595.25,600.7,2089400,0.0011666666666667424
2015-09-08,612.49,616.31,604.12,614.66,2279500,0.0035429149863670573
2015-09-09,621.22,626.52,609.6,612.72,1702000,-0.013682753291909468
2015-09-10,613.1,624.16,611.43,621.35,1905176,0.013456206165389006
2015-09-11,619.75,625.78,617.42,625.77,1373500,0.009713594191206102
2015-09-14,625.7,625.86,619.43,623.24,1702200,-0.003931596611794847
2015-09-15,626.7,638.7,623.78,635.14,2084300,0.013467368756980916
2015-09-16,635.47,637.95,632.32,635.98,1286400,8.025555887767966E-4
2015-09-17,637.79,650.9,635.02,642.9,2274600,0.008012041581084706
2015-09-18,636.79,640,627.02,629.25,5133300,-0.011840638200976718
2015-09-21,634.4,636.49,625.94,635.44,1788500,0.0016393442622952038
2015-09-22,627,627.55,615.43,622.69,2562800,-0.006874003189792577
2015-09-23,622.05,628.93,620,622.36,1470900,4.983522224902486E-4
2015-09-24,616.64,627.32,612.4,625.8,2240069,0.014854696419304567
2015-09-25,629.77,629.77,611,611.97,2174000,-0.028264286961906658
2015-09-28,610.34,614.61,589.38,594.89,3127667,-0.02531375954386087
2015-09-29,597.28,605,590.22,594.97,2310200,-0.003867532815429858
2015-09-30,603.28,608.76,600.73,608.42,2413400,0.008520090173716991
2015-10-01,608.37,612.09,599.85,611.29,1867600,0.004799710702368557
2015-10-02,607.2,627.34,603.13,626.91,2684800,0.03246047430830026
2015-10-05,632,643.01,627,641.47,1803385,0.014984177215189916
2015-10-06,638.84,649.25,636.53,645.44,2236800,0.01033122534593955
2015-10-07,649.24,650.61,632.15,642.36,2092700,-0.010597005729776347
2015-10-08,641.36,644.45,625.56,639.16,2182000,-0.0034302108020457236
2015-10-09,640,645.99,635.32,643.61,1648600,0.0056406250000000215
2015-10-12,642.09,648.5,639.01,646.67,1276079,0.007132956439128357
2015-10-13,643.15,657.81,643.15,652.3,1807600,0.014226852211770159
2015-10-14,653.21,659.39,648.85,651.16,1415400,-0.0031383475451999634
2015-10-15,654.66,663.13,654.46,661.74,1885700,0.01081477408120252
2015-10-16,664.11,664.97,657.2,662.2,1611100,-0.0028760295734139947
2015-10-19,661.18,666.82,659.58,666.1,1477300,0.007441241416860874
2015-10-20,664.04,664.72,644.2,650.28,1688225,-0.020721643274501524
2015-10-21,654.15,655.87,641.73,642.61,1794100,-0.017641213788886285
2015-10-22,646.7,657.8,644.01,651.79,4070900,0.00787072831297343
2015-10-23,727.5,730,701.5,702,6653900,-0.03505154639175258
2015-10-26,701.55,719.15,701.26,712.78,2716600,0.016007412158791274
2015-10-27,707.38,713.62,704.55,708.49,2245700,0.0015691707427408375
2015-10-28,707.33,712.98,703.08,712.95,2178900,0.007945372032855957
2015-10-29,710.5,718.26,710.01,716.92,1455900,0.00903589021815617
2015-10-30,715.73,718,710.05,710.81,1908700,-0.006874100568650291
2015-11-02,711.06,721.62,705.85,721.11,1886250,0.014133828368914112
2015-11-03,718.86,724.65,714.72,722.16,1565300,0.004590601786161359
2015-11-04,722,733.1,721.9,728.11,1706371,0.008462603878116362
2015-11-05,729.47,739.48,729.47,731.25,1861500,0.0024401277639929985
2015-11-06,731.5,735.41,727.01,733.76,1511500,0.0030895420369104454
2015-11-09,730.2,734.71,719.43,724.89,2069807,-0.007271980279375594
2015-11-10,724.4,730.59,718.5,728.32,1607900,0.005411374930977461
2015-11-11,732.46,741,730.23,735.4,1366900,0.004013871064631435
2015-11-12,731,737.8,728.65,731.23,1837100,3.146374829001617E-4
2015-11-13,729.17,731.15,716.73,717,2075500,-0.016690209416185472
2015-11-16,715.6,729.49,711.33,728.96,1905800,0.018669647847959773
2015-11-17,729.29,731.84,723.03,725.3,1510900,-0.005471074606809376
2015-11-18,727.58,741.41,727,740,1684200,0.017070287803403004
2015-11-19,738.74,742,737.43,738.41,1327800,-4.467065544034991E-4
2015-11-20,746.53,757.92,743,756.6,2213200,0.013489076125540903
2015-11-23,757.45,762.71,751.82,755.98,1415300,-0.0019407221598785758
2015-11-24,752,755.28,737.63,748.28,2334100,-0.004946808510638334
2015-11-25,748.14,752,746.06,748.15,1122200,1.3366482209200023E-5
2015-11-27,748.46,753.41,747.49,750.26,838500,0.0024049381396466806
2015-11-30,748.81,754.93,741.27,742.6,2097600,-0.008293158478118512
2015-12-01,747.11,768.95,746.7,767.04,2134621,0.026676125336295792
2015-12-02,768.9,775.96,758.96,762.38,2230200,-0.008479646247886568
2015-12-03,766.01,768.99,745.63,752.54,2590601,-0.017584626832547915
2015-12-04,753.1,768.49,750,766.81,2757200,0.018204753684769516
2015-12-07,767.77,768.73,755.09,763.25,1812300,-0.005887179754353494
2015-12-08,757.89,764.8,754.2,762.37,1829475,0.005911148055786484
2015-12-09,759.17,764.23,737,751.61,2699900,-0.00995824387159654
2015-12-10,752.85,755.85,743.83,749.46,1988300,-0.0045028890217174555
2015-12-11,741.16,745.71,736.75,738.87,2224400,-0.0030897512008202866
2015-12-14,741.79,748.73,724.17,747.77,2418912,0.008061580770838133
2015-12-15,753,758.08,743.01,743.4,2666200,-0.012749003984063775
2015-12-16,750,760.59,739.43,758.09,1993200,0.010786666666666708
2015-12-17,762.42,762.68,749,749.43,1553400,-0.017037853151806105
2015-12-18,746.51,754.13,738.15,739.31,3148700,-0.009644880845534614
2015-12-21,746.13,750,740,747.77,1525700,0.002198008389958836
2015-12-22,751.65,754.85,745.53,750,1365420,-0.002195170624625793
2015-12-23,753.47,754.21,744,750.31,1566700,-0.004193929419884112
2015-12-24,749.55,751.35,746.62,748.4,527223,-0.001534253885664702
2015-12-28,752.92,762.99,749.52,762.51,1515716,0.012737076980290113
2015-12-29,766.69,779.98,766.43,776.6,1765012,0.012925693565847954
2015-12-30,776.6,777.6,766.9,771,868174,-0.007210919392222537
2015-12-31,769.5,769.5,758.34,758.88,1070048,-0.013801169590643281
2016-01-04,743,744.06,731.258,741.84,2258966,-0.0015612382234185306
2016-01-05,746.45,752,738.64,742.58,1359685,-0.005184540156741918
2016-01-06,730,747.18,728.92,743.62,1775394,0.01865753424657535
2016-01-07,730.31,738.5,719.06,726.39,2509556,-0.005367583628869877
2016-01-08,731.45,733.23,713,714.47,2338972,-0.023214163647549413
2016-01-11,716.61,718.855,703.54,716.03,2090621,-8.093663219883074E-4
2016-01-12,721.68,728.75,717.317,726.07,1781584,0.006083028489081172
2016-01-13,730.85,734.74,698.61,700.56,1713897,-0.041444892932886467
2016-01-14,705.38,721.925,689.1,714.72,1923982,0.013241089908985273
2016-01-15,692.29,706.74,685.37,694.45,2645079,0.0031200797353711333
2016-01-19,703.3,709.98,693.41,701.79,2268000,-0.0021470211858381784
2016-01-20,688.61,706.85,673.26,698.45,3192247,0.01428965597362808
2016-01-21,702.18,719.19,694.46,706.59,2308528,0.006280440912586633
2016-01-22,723.6,728.13,720.121,725.25,1841101,0.002280265339966801
2016-01-25,723.58,729.68,710.01,711.67,1588956,-0.016459824760220128
2016-01-26,713.85,718.28,706.48,713.04,1251534,-0.0011346921622190362
2016-01-27,713.67,718.235,694.39,699.99,1181790,-0.019168523267056134
2016-01-28,722.22,733.69,712.35,730.96,2370760,0.012101575697156003
2016-01-29,731.53,744.99,726.8,742.95,2490656,0.015611116427214295
2016-02-01,750.46,757.86,743.27,752,3015303,0.0020520747275004176
2016-02-02,784.5,789.87,764.65,764.65,5009772,-0.02530274059910774
2016-02-03,770.22,774.5,720.5,726.95,5753416,-0.056178754122198825
2016-02-04,722.81,727,701.86,708.01,4812793,-0.020475643668460528
2016-02-05,703.87,703.99,680.15,683.57,3863948,-0.02884055294301498
2016-02-08,667.85,684.03,663.06,682.74,3117992,0.02229542561952532
2016-02-09,672.32,699.9,668.77,678.11,2663219,0.008611970490242687
2016-02-10,686.86,701.31,682.13,684.12,2030829,-0.003989168098302433
2016-02-11,675,689.35,668.868,683.11,2154962,0.012014814814814836
2016-02-12,690.26,693.75,678.6,682.4,1983019,-0.011387013589082395
2016-02-16,692.98,698,685.05,691,2136824,-0.0028572253167479843
2016-02-17,699,709.75,691.38,708.4,1835411,0.01344778254649496
2016-02-18,710,712.35,696.03,697.35,1287855,-0.017816901408450672
2016-02-19,695.03,703.081,694.05,700.91,1134665,0.008460066471950845
2016-02-22,707.45,713.24,702.51,706.46,1410613,-0.0013993921831931713
2016-02-23,701.45,708.4,693.58,695.85,1405180,-0.007983462827001244
2016-02-24,688.92,700,680.78,699.56,1318221,0.015444463798409086
2016-02-25,700.01,705.98,690.585,705.75,1133274,0.008199882858816315
2016-02-26,708.58,713.43,700.86,705.07,2060942,-0.004953569110051075
2016-02-29,700.32,710.89,697.68,697.77,1467267,-0.0036411925976697337
2016-03-01,703.62,718.81,699.77,718.81,1453825,0.021588357351979677
2016-03-02,719,720,712,718.85,1082731,-2.0862308762166517E-4
2016-03-03,718.68,719.45,706.02,712.42,1895828,-0.008710413535926964
2016-03-04,714.99,716.49,706.02,710.89,1306306,-0.0057343459349082125
2016-03-07,706.9,708.091,686.9,695.16,2734897,-0.01660772386476165
2016-03-08,688.59,703.79,685.34,693.97,1378967,0.007813067282417686
2016-03-09,698.47,705.68,694,705.24,1179552,0.009692613855999515
2016-03-10,708.12,716.44,703.36,712.82,2833525,0.006637293114161506
2016-03-11,720,726.92,717.125,726.82,1660799,0.009472222222222292
2016-03-14,726.81,735.5,725.15,730.49,1718252,0.005063221474663342
2016-03-15,726.92,732.29,724.77,728.33,1720965,0.0019396907500138694
2016-03-16,726.37,737.47,724.51,736.09,1624370,0.013381609923317356
2016-03-17,736.45,743.07,736,737.78,1860834,0.0018059610292619013
2016-03-18,741.86,742,731.83,737.6,2980709,-0.005742323349419015
2016-03-21,736.5,742.5,733.516,742.09,1836503,0.0075899524779362276
2016-03-22,737.46,745,737.46,740.75,1269749,0.004461258915737753
2016-03-23,742.36,745.72,736.15,738.06,1432099,-0.005792337949243047
2016-03-24,732.01,737.747,731,735.3,1594891,0.004494474119205972
2016-03-28,736.79,738.99,732.5,733.53,917843,-0.004424598596615034
2016-03-29,734.59,747.25,728.76,744.77,1352078,0.013858070488299528
2016-03-30,750.1,757.88,748.74,750.53,1238933,5.732568990800559E-4
2016-03-31,749.25,750.85,740.94,744.95,1130133,-0.005739072405739011
2016-04-01,738.6,750.34,737,749.91,1098682,0.015312753858651428
2016-04-04,750.06,752.8,742.43,745.29,783665,-0.00635949124070072
2016-04-05,738,742.8,735.37,737.8,970414,-2.710027100271619E-4
2016-04-06,735.77,746.24,735.56,745.69,726844,0.01348247414273492
2016-04-07,745.37,747,736.28,740.28,1036311,-0.006828823268980549
2016-04-08,743.97,745.45,735.55,739.15,1254527,-0.00647875586381178
2016-04-11,743.02,745,736.05,736.1,818464,-0.009313342844068746
2016-04-12,738,743.83,731.01,743.09,1141578,0.006897018970189745
2016-04-13,749.16,754.38,744.261,751.72,1202835,0.0034171605531529434
2016-04-14,754.01,757.31,752.705,753.2,815417,-0.0010742563095979436
2016-04-15,753.98,761,752.694,759,1552347,0.006658001538502324
2016-04-18,760.46,768.05,757.3,766.61,1442123,0.008087210372669143
2016-04-19,769.51,769.9,749.33,753.93,1305326,-0.02024665046588094
2016-04-20,758,758.132,750.01,752.67,1082739,-0.007031662269129341
2016-04-21,755.38,760.43,749.55,759.14,1546480,0.004977627154544721
2016-04-22,726.3,736.12,713.61,718.77,5467206,-0.010367616687319253
2016-04-25,716.1,723.93,715.59,723.15,1312381,0.009844993715961394
2016-04-26,725.42,725.766,703.026,708.14,2010224,-0.02382068319042758
2016-04-27,707.29,708.98,692.365,705.84,2822644,-0.0020500784685205955
2016-04-28,708.26,714.17,689.55,691.02,2167756,-0.024341343574393597
2016-04-29,690.7,697.62,689,693.01,1976287,0.0033444331837265747
2016-05-02,697.63,700.64,691,698.21,1134592,8.313862649255922E-4
2016-05-03,696.87,697.84,692,692.36,1006062,-0.0064717953133295895
2016-05-04,690.49,699.75,689.01,695.7,1166670,0.007545366334052682
2016-05-05,697.7,702.32,695.72,701.41,1214920,0.00531747169270449
2016-05-06,698.38,711.86,698.107,711.12,1589924,0.018242217703828875
2016-05-09,712,718.71,710,712.9,1330750,0.0012640449438201928
2016-05-10,716.75,723.5,715.72,723.18,1490782,0.008971049877921102
2016-05-11,723.41,724.48,712.8,715.29,1225628,-0.011224616745690556
2016-05-12,717.06,719.25,709,713.31,865189,-0.005229687892226592
2016-05-13,711.93,716.662,709.26,710.83,853701,-0.001545095725703242
2016-05-16,709.13,718.48,705.65,716.49,1267485,0.0103789150085316
2016-05-17,715.99,721.52,704.11,706.29,1801286,-0.013547675246861053
2016-05-18,703.67,711.6,700.63,706.63,1200724,0.004206517259510902
2016-05-19,702.36,706,696.8,700.32,1078707,-0.00290449342217661
2016-05-20,701.62,714.58,700.52,709.74,1326982,0.011573216270915886
2016-05-23,706.53,711.478,704.18,704.24,873438,-0.003241192872206366
2016-05-24,706.86,720.97,706.86,720.09,1266430,0.018716577540106978
2016-05-25,720.76,727.51,719.705,725.27,1456950,0.006257283978023185
2016-05-26,722.87,728.33,720.28,724.12,1119858,0.0017292182550112745
2016-05-27,724.01,733.936,724,732.66,1542103,0.01194734879352492
2016-05-31,731.74,739.73,731.26,735.55,1227131,0.005206767431054671
2016-06-01,734.53,737.21,730.66,734.15,1164471,-5.17337617251842E-4
2016-06-02,732.5,733.02,724.17,730.4,895953,-0.0028668941979522497
2016-06-03,729.27,729.49,720.56,722.34,866004,-0.009502653338269709
2016-06-06,724.91,724.91,714.61,716.55,1120039,-0.011532466099239925
2016-06-07,719.84,721.98,716.55,716.65,1115971,-0.0044315403422983644
2016-06-08,723.96,728.57,720.58,728.28,1150436,0.005967180507210255
2016-06-09,722.87,729.54,722.336,728.58,762995,0.007899068988891552
2016-06-10,719.47,725.89,716.43,719.39,734876,-1.1119296148559485E-4
2016-06-13,716.51,725.44,716.51,718.36,699764,0.0025819597772536638
2016-06-14,716.48,722.47,713.12,718.27,1271681,0.002498325145154036
2016-06-15,719,722.46,717.31,718.92,751209,-1.1126564673162855E-4
2016-06-16,714.91,716.65,703.26,710.37,1294394,-0.006350449706956069
2016-06-17,708.65,708.82,688.452,691.72,2409492,-0.023890496013546814
2016-06-20,698.77,702.48,693.41,693.71,1744446,-0.007241295419093473
2016-06-21,698.4,702.77,692.01,695.94,1369469,-0.0035223367697593396
2016-06-22,699.06,700.86,693.082,697.68,639269,-0.0019740794781563753
2016-06-23,697.45,701.95,687,701.87,1507403,0.006337371854613175
2016-06-24,675.17,689.4,673.45,675.22,2904873,7.405542307873308E-5
2016-06-27,671,672.3,663.284,668.26,2388710,-0.00408345752608049
2016-06-28,678.97,680.33,673,680.04,1221077,0.001575916461699245
2016-06-29,683,687.429,681.41,684.11,1781749,0.0016251830161054372
2016-06-30,685.47,692.32,683.65,692.1,1106268,0.009672195719725146
2016-07-01,692.2,700.65,692.13,699.21,910326,0.010127130887026856
2016-07-05,696.06,696.94,688.88,694.95,1011262,-0.0015946901129211563
2016-07-06,689.98,701.68,689.09,697.77,1160832,0.011290182324125283
2016-07-07,698.08,698.2,688.215,695.36,900031,-0.0038964015585606624
2016-07-08,699.5,705.71,696.435,705.63,1199498,0.008763402430307356
2016-07-11,708.05,716.51,707.24,715.09,933552,0.009942800649671743
2016-07-12,719.12,722.94,715.91,720.64,915244,0.0021136945155189424
2016-07-13,723.62,724,716.85,716.98,610288,-0.009176086896437338
2016-07-14,721.58,722.21,718.03,720.95,591177,-8.73084065522874E-4
2016-07-15,725.73,725.74,719.055,719.71,838179,-0.008295095972331282
2016-07-18,722.71,736.13,721.19,733.78,1084872,0.01531734720704008
2016-07-19,729.89,736.99,729,736.96,1060873,0.00968639110002884
2016-07-20,737.33,742.13,737.1,741.19,883372,0.005235105041162049
2016-07-21,740.36,741.69,735.831,738.63,651641,-0.002336701064347099
2016-07-22,741.86,743.24,736.56,742.74,923487,0.0011862076402555676
2016-07-25,740.67,742.61,737.5,739.77,742653,-0.0012151160435821314
2016-07-26,739.04,741.69,734.27,738.42,800931,-8.389261744966505E-4
2016-07-27,738.28,744.46,737,741.77,871502,0.004727203770927032
2016-07-28,747.04,748.65,739.3,745.91,2550168,-0.0015126365388734144
2016-07-29,772.71,778.55,766.77,768.79,2733132,-0.0050730545741611635
2016-08-01,761.09,780.43,761.09,772.88,1950146,0.015490940624630415
2016-08-02,768.69,775.84,767.85,771.06,1177012,0.0030831674667289683
2016-08-03,767.18,773.21,766.82,773.18,871074,0.007820850387132094
2016-08-04,772.22,774.07,768.795,771.61,763261,-7.899303307347823E-4
2016-08-05,773.78,783.04,772.34,782.01,1016983,0.010636098115743517
2016-08-08,782,782.63,778.091,781.76,897096,-3.069053708440014E-4
2016-08-09,781.1,788.94,780.57,784.26,922659,0.0040455767507361
2016-08-10,783.75,786.812,782.778,784.68,563639,0.0011866028708133333
2016-08-11,785,789.75,782.97,784.85,642270,-1.9108280254774175E-4
2016-08-12,781.5,783.395,780.4,783.22,596918,0.002200895713371756
2016-08-15,783.75,787.49,780.11,782.44,752647,-0.0016714513556618123
2016-08-16,780.3,780.98,773.444,777.13,624204,-0.004062540048699166
2016-08-17,777.32,780.81,773.53,779.91,628560,0.0033319610971027608
2016-08-18,780.01,782.86,777,777.5,593087,-0.0032179074627248254
2016-08-19,775,777.1,773.13,775.42,601928,5.419354838709149E-4
2016-08-22,773.27,774.54,770.05,772.15,667143,-0.0014483944805824675
2016-08-23,775.48,776.44,771.785,772.08,636501,-0.004384381286429021
2016-08-24,770.58,774.5,767.07,769.64,741804,-0.0012198603649200012
2016-08-25,767,771.89,763.185,769.41,634003,0.003142112125162931
2016-08-26,769,776.08,765.85,769.54,1021451,7.022106631989123E-4
2016-08-29,768.74,774.99,766.615,772.15,604406,0.004435830059577969
2016-08-30,769.33,774.466,766.84,769.09,787138,-3.119597571913341E-4
2016-08-31,767.01,769.09,765.38,767.12,751591,1.434140363228819E-4
2016-09-01,769.25,771.02,764.3,768.78,618692,-6.109847253819009E-4
2016-09-02,773.01,773.92,768.41,771.46,774256,-0.0020051487044151495
2016-09-06,773.45,782,771,780.08,1239451,0.008571982675027469
2016-09-07,780,782.73,776.2,780.35,590233,4.487179487179779E-4
2016-09-08,778.59,780.35,773.58,775.32,707531,-0.004199899818903379
2016-09-09,770.1,773.245,759.66,759.66,1571155,-0.013556680950525975
2016-09-12,755.13,770.29,754,769.02,1176041,0.018394183782924775
2016-09-13,764.48,766.22,755.8,759.69,912432,-0.006265696944328123
2016-09-14,759.61,767.68,759.11,762.49,746816,0.0037914192809467956
2016-09-15,762.89,773.8,759.96,772.1,1028285,0.01207251373068206
2016-09-16,769.75,769.75,764.66,768.88,1486221,-0.00113023708996428
2016-09-19,772.42,774,764.441,765.7,760052,-0.008699930089847381
2016-09-20,769,773.33,768.53,771.41,661423,0.003133940182054575
2016-09-21,772.66,777.16,768.301,776.22,780841,0.004607459943571634
2016-09-22,780,789.85,778.44,787.21,985732,0.00924358974358979
2016-09-23,786.59,788.93,784.15,786.9,1211305,3.94106205265698E-4
2016-09-26,782.74,782.74,773.07,774.2,1187269,-0.010910391700947906
2016-09-27,775.5,785.99,774.308,783.01,752930,0.009684074790457757
2016-09-28,777.85,781.81,774.97,781.56,844106,0.004769557112553734
2016-09-29,781.44,785.8,774.232,775.01,1212788,-0.008228398853398934
2016-09-30,776.33,780.94,774.09,777.29,1355870,0.0012365875336518267
2016-10-03,774.25,776.065,769.5,772.56,1055724,-0.0021827575072651656
2016-10-04,776.03,778.71,772.89,776.43,844179,5.154439905673457E-4
2016-10-05,779.31,782.07,775.65,776.47,880132,-0.003644249400110249
2016-10-06,779,780.48,775.54,776.86,808197,-0.0027471116816431148
2016-10-07,779.66,779.66,770.75,775.08,680154,-0.005874355488289674
2016-10-10,777.71,789.38,775.87,785.94,871065,0.010582350747708037
2016-10-11,786.66,792.28,780.58,783.07,921217,-0.0045635979965930875
2016-10-12,783.76,788.13,782.06,786.14,731447,0.0030366438705726187
2016-10-13,781.22,781.22,773,778.19,897992,-0.003878548936279118
2016-10-14,781.65,783.95,776,778.53,587036,-0.0039915563231625465
2016-10-17,779.8,785.85,777.5,779.96,776584,2.0518081559384697E-4
2016-10-18,787.85,801.61,785.565,795.26,1955165,0.00940534365678742
2016-10-19,798.86,804.63,797.635,801.56,1215080,0.003379816238139263
2016-10-20,803.3,803.97,796.03,796.97,1537480,-0.007879995020540181
2016-10-21,795,799.5,794,799.38,780455,0.005509433962264145
2016-10-24,804.9,815.18,804.82,813.11,1597302,0.010200024847807226
2016-10-25,816.68,816.68,805.14,807.67,1534413,-0.011032472939217308
2016-10-26,806.34,806.98,796.32,799.07,1568414,-0.009016047821018405
2016-10-27,801,803.49,791.5,795.35,2015863,-0.007053682896379497
2016-10-28,808.35,815.49,793.59,795.37,3985626,-0.016057400878332427
2016-10-31,795.47,796.86,784,784.54,2427284,-0.013740304474084582
2016-11-01,782.89,789.49,775.54,783.61,2406356,9.196694299327202E-4
2016-11-02,778.2,781.65,763.45,768.7,1918414,-0.012207658699563093
2016-11-03,767.25,769.95,759.03,762.13,1943175,-0.006673183447377002
2016-11-04,750.66,770.36,750.561,762.02,2134812,0.015133349319265731
2016-11-07,774.5,785.19,772.55,782.52,1477543,0.01035506778566815
2016-11-08,783.4,795.633,780.19,790.51,1310757,0.009075823334184342
2016-11-09,779.94,791.227,771.67,785.31,2375926,0.006885145011154564
2016-11-10,791.17,791.17,752.18,762.56,4646668,-0.03616163403566871
2016-11-11,756.54,760.78,750.38,754.02,2314990,-0.0033309540804187248
2016-11-14,755.6,757.85,727.54,736.08,3654385,-0.025833774483853867
2016-11-15,746.97,764.416,746.97,758.49,2384001,0.01542230611671149
2016-11-16,755.2,766.36,750.51,764.48,1443357,0.012288135593220301
2016-11-17,766.92,772.7,764.23,771.23,1204735,0.0056198821259063
2016-11-18,771.37,775,760,760.54,1511143,-0.01403995488546358
2016-11-21,762.61,769.7,760.6,769.2,1278480,0.008641376326038253
2016-11-22,772.63,776.96,767,768.27,1549195,-0.005643063303262899
2016-11-23,767.73,768.283,755.25,760.99,1433899,-0.00877912807888191
2016-11-25,764.26,765,760.52,761.68,561760,-0.0033758145133855506
2016-11-28,760,779.53,759.8,768.24,2077465,0.010842105263157906
2016-11-29,771.53,778.5,768.24,770.84,1572748,-8.943268570242776E-4
2016-11-30,770.07,772.99,754.83,758.04,2320292,-0.01562195644551805
2016-12-01,757.44,759.85,737.025,747.92,2968343,-0.012568652302492732
2016-12-02,744.59,754,743.1,750.5,1424697,0.007937254059280904
2016-12-05,757.71,763.9,752.9,762.52,1331968,0.006348075121088471
2016-12-06,764.73,768.83,757.34,759.11,1614606,-0.0073489989931086845
2016-12-07,761,771.36,755.8,771.19,1703058,0.013390275952693896
2016-12-08,772.48,778.18,767.23,776.4,1337581,0.005074565037282466
2016-12-09,780,789.43,779.021,789.29,1757030,0.011910256410256363
2016-12-12,785.04,791.25,784.355,789.27,2084246,0.005388260470804059
2016-12-13,793.9,804.38,793.34,796.1,2071966,0.0027711298652223775
2016-12-14,797.4,804,794.01,797.07,1599414,-4.138449962376815E-4
2016-12-15,797.34,803,792.92,797.85,1510240,6.396267589735757E-4
2016-12-16,800.4,800.856,790.36,790.8,2042768,-0.011994002998500779
2016-12-19,790.22,797.66,786.27,794.15,1082046,0.004973298575080294
2016-12-20,796.76,798.65,793.27,796.42,912191,-4.267282494101509E-4
2016-12-21,795.84,796.676,787.1,794.58,1137261,-0.0015832328106151876
2016-12-22,792.36,793.32,788.58,791.26,904602,-0.0013882578625877414
2016-12-23,790.9,792.74,787.28,789.91,605954,-0.0012517385257301923
2016-12-27,790.68,797.86,787.657,791.55,774577,0.001100318713006532
2016-12-28,793.7,794.23,783.2,785.05,970714,-0.010898324303893273
2016-12-29,783.33,785.93,778.92,782.79,738203,-6.893646355942926E-4
2016-12-30,782.75,782.78,770.41,771.82,1769950,-0.01396358990737777
2017-01-03,778.81,789.63,775.8,786.14,1605446,0.0094117949178876
2017-01-04,788.36,791.34,783.16,786.9,1052125,-0.0018519458115582176
2017-01-05,786.08,794.48,785.02,794.03,1114512,0.010113474455526067
2017-01-06,795.26,807.9,792.204,806.15,1567821,0.013693634786107672
2017-01-09,806.4,809.966,802.83,806.65,1230371,3.1001984126984125E-4
2017-01-10,807.86,809.13,803.51,804.8,997730,-0.0037877850122546718
2017-01-11,805,808.15,801.37,807.91,1041244,0.003614906832298097
2017-01-12,807.14,807.39,799.17,806.36,1278695,-9.663751022127175E-4
2017-01-13,807.48,811.224,806.69,807.88,1067240,4.953683063357324E-4
2017-01-17,807.08,807.14,800.37,804.61,1141577,-0.0030604153243792773
2017-01-18,805.81,806.205,800.99,806.07,1195669,3.226567056751649E-4
2017-01-19,805.12,809.48,801.8,802.175,894921,-0.003657839825119299
2017-01-20,806.91,806.91,801.69,805.02,1569196,-0.0023422686544967673
2017-01-23,807.25,820.87,803.74,819.31,1811778,0.014939609786311484
2017-01-24,822.3,825.9,817.821,823.87,1420133,0.0019092788520005473
2017-01-25,829.62,835.77,825.06,835.67,1457244,0.00729249535932108
2017-01-26,837.81,838,827.01,832.15,2374731,-0.006755708334825281
2017-01-27,834.71,841.95,820.44,823.31,2867241,-0.013657437912568545
2017-01-30,814.66,815.84,799.8,802.32,3118289,-0.015147423465003706
2017-01-31,796.86,801.25,790.52,796.79,2026212,-8.784479080396811E-5
2017-02-01,799.68,801.19,791.19,795.695,1973620,-0.0049832432973188024
2017-02-02,793.8,802.7,792,798.53,1416853,0.005958679768203601
2017-02-03,802.99,806,800.37,801.49,1463448,-0.00186801828167225
2017-02-06,799.7,801.67,795.25,801.34,1124955,0.002050769038389379
2017-02-07,803.99,810.5,801.78,806.97,1225336,0.00370651376260901
2017-02-08,807,811.84,803.19,808.38,1127543,0.0017100371747211839
2017-02-09,809.51,810.66,804.54,809.56,956998,6.176575953348881E-5
2017-02-10,811.7,815.25,809.78,813.67,1102389,0.002427005051127157
2017-02-13,816,820.959,815.49,819.24,1133310,0.0039705882352941285
2017-02-14,819,823,816,820.39,928985,0.0016971916971916805
2017-02-15,819.36,823,818.47,818.98,1244773,-4.6377660613160937E-4
2017-02-16,819.93,824.4,818.98,824.16,1266675,0.0051589769858402775
2017-02-17,823.02,828.07,821.655,828.07,1386194,0.006135938373308144
2017-02-21,828.66,833.45,828.35,831.66,1147909,0.003620302657302151
2017-02-22,828.66,833.25,828.64,830.76,901969,0.002534211860111533
2017-02-23,830.12,832.46,822.88,831.33,1192820,0.00145762058497571
2017-02-24,827.73,829,824.2,828.64,1376546,0.0010993923139187515
2017-02-27,824.55,830.5,824,829.28,1048782,0.0057364623127766886
2017-02-28,825.61,828.54,820.2,823.21,1638677,-0.002906941534138367
2017-03-01,828.85,836.255,827.26,835.24,1412695,0.0077094769861856625
2017-03-02,833.85,834.51,829.64,830.63,795781,-0.003861605804401304
2017-03-03,830.56,831.36,825.751,829.08,881685,-0.0017819302639182054
2017-03-06,826.95,828.88,822.4,827.56,954852,7.376504020798112E-4
2017-03-07,827.4,833.41,826.52,831.91,983349,0.005450809765530567
2017-03-08,833.51,838.15,831.79,835.37,915520,0.002231526916293762
2017-03-09,836,842,834.21,838.68,1230591,0.0032057416267941984
2017-03-10,843.28,844.91,839.5,843.25,1668733,-3.557537235553163E-5
2017-03-13,847.753,848.685,843.25,845.54,1223647,-0.002610430160671893
2017-03-14,843.64,847.24,840.8,845.62,780198,0.0023469726423593217
2017-03-15,847.59,848.63,840.77,847.2,1381474,-4.601281279863924E-4
2017-03-16,849.03,850.85,846.13,848.78,977560,-2.9445367065945844E-4
2017-03-17,851.61,853.4,847.11,852.12,1612724,5.988656779511641E-4
2017-03-20,850.01,850.22,845.15,848.4,1231521,-0.0018940953635839738
2017-03-21,851.4,853.5,829.02,830.46,2463484,-0.02459478505990127
2017-03-22,831.91,835.55,827.18,829.59,1401465,-0.0027887632075584336
2017-03-23,821,822.57,812.257,817.58,3487056,-0.0041656516443361255
2017-03-24,820.08,821.93,808.89,814.43,1942593,-0.006889571749097759
2017-03-27,806.95,821.63,803.37,819.51,1805933,0.015564780965363336
2017-03-28,820.41,825.99,814.027,820.92,1527248,6.216403993125278E-4
2017-03-29,825,832.765,822.38,831.41,1297192,0.007769696969696931
2017-03-30,833.5,833.68,829,831.5,1042628,-0.0023995200959808036
2017-03-31,828.97,831.64,827.39,829.6,1205256,7.599792513601161E-4
2017-04-03,829.22,840.85,829.22,838.55,1671503,0.011251537589541892
2017-04-04,831.36,835.18,829.036,834.57,1031012,0.003861143187067018
2017-04-05,835.51,842.45,830.72,831.41,1509585,-0.004907182439468137
2017-04-06,832.4,836.39,826.46,827.88,1229645,-0.005430081691494452
2017-04-07,827.96,828.485,820.513,824.67,1057253,-0.003973621914102224
2017-04-10,825.39,829.35,823.77,824.73,888715,-7.996219968741664E-4
2017-04-11,824.71,827.427,817.02,823.35,1079732,-0.0016490645196493479
2017-04-12,821.93,826.66,821.02,824.32,858986,0.0029077902011121386
2017-04-13,822.14,826.38,821.44,823.56,955830,0.0017271997470016775
2017-04-17,825.01,837.75,824.47,837.17,833593,0.014739215282238965
2017-04-18,834.22,838.93,832.71,836.82,773214,0.0031166838483853453
2017-04-19,839.79,842.22,836.29,838.21,936210,-0.0018814227366364534
2017-04-20,841.44,845.2,839.32,841.65,933451,2.495721620078944E-4
2017-04-21,842.88,843.88,840.6,843.19,1256562,3.677866362946791E-4
2017-04-24,851.2,863.45,849.86,862.76,1371831,0.013580827067669108
2017-04-25,865,875,862.81,872.3,1671671,0.00843930635838145
2017-04-26,874.23,876.05,867.748,871.73,1235967,-0.002859659357377349
2017-04-27,873.6,875.4,870.38,874.25,2014677,7.44047619047593E-4
2017-04-28,910.66,916.85,905.77,905.96,3276255,-0.005161091955285103
2017-05-01,901.94,915.68,901.45,912.57,2115701,0.01178570636627713
2017-05-02,909.62,920.77,909.453,916.44,1545245,0.007497636375629438
2017-05-03,914.86,928.1,912.543,927.04,1498051,0.013313512449992293
2017-05-04,926.07,935.93,924.59,931.66,1421984,0.006036260757825994
2017-05-05,933.54,934.9,925.2,927.13,1911275,-0.006866336739721885
2017-05-08,926.12,936.925,925.26,934.3,1329096,0.008832548697792889
2017-05-09,936.95,937.5,929.53,932.17,1581337,-0.005101659640322415
2017-05-10,931.98,932,925.16,928.78,1173901,-0.003433550076181941
2017-05-11,925.32,932.53,923.03,930.6,835028,0.005706134094151182
2017-05-12,931.53,933.44,927.85,932.22,1050377,7.407168851245313E-4
2017-05-15,932.95,938.25,929.34,937.08,1104646,0.004426818157457522
2017-05-16,940,943.11,937.58,943,968288,0.0031914893617021275
2017-05-17,935.67,939.333,918.14,919.62,2357984,-0.017153483599987127
2017-05-18,921,933.17,918.75,930.24,1596897,0.01003257328990229
2017-05-19,931.47,937.755,931,934.01,1389830,0.0027268725777534046
2017-05-22,935,941.883,935,941.86,1118907,0.00733689839572194
2017-05-23,947.92,951.467,942.575,948.82,1269442,9.494472107351792E-4
2017-05-24,952.98,955.09,949.5,954.96,1031483,0.002077693131020607
2017-05-25,957.33,972.629,955.47,969.54,1659922,0.012754222681833769
2017-05-26,969.7,974.98,965.03,971.47,1251424,0.001825306795916244
2017-05-30,970.31,976.2,969.49,975.88,1466288,0.005740433469715916
2017-05-31,975.02,979.27,960.18,964.86,2447196,-0.01042029907078826
2017-06-01,968.95,971.5,960.01,966.95,1410194,-0.0020640899943237525
2017-06-02,969.46,975.6,966,975.6,1747159,0.006333422730179674
2017-06-05,976.55,986.91,975.1,983.68,1251915,0.0073012134555322265
2017-06-06,983.16,988.25,975.14,976.72,1814374,-0.00655030717278972
2017-06-07,979.65,984.15,975.77,981.08,1447192,0.0014597049966825536
2017-06-08,982.35,984.57,977.2,983.4,1477184,0.0010688654756450904
2017-06-09,984.5,984.5,935.63,949.83,3306186,-0.03521584560690702
2017-06-12,939.56,949.355,915.233,942.9,3762440,0.0035548554642599005
2017-06-13,951.91,959.98,944.09,953.4,2013077,0.001565274028006859
2017-06-14,959.92,961.15,942.25,950.76,1487430,-0.00954246187182262
2017-06-15,933.97,943.339,924.44,942.31,2065277,0.008929623007162883
2017-06-16,940,942.04,931.595,939.78,3061998,-2.340425531915184E-4
2017-06-19,949.96,959.99,949.05,957.37,1530467,0.007800328434881435
2017-06-20,957.52,961.62,950.01,950.63,1125862,-0.007195672153062063
2017-06-21,953.64,960.1,950.76,959.45,1202233,0.006092445786670084
2017-06-22,958.7,960.72,954.55,957.09,941678,-0.0016793574632314734
2017-06-23,956.83,966,954.2,965.59,1527515,0.009155231336810081
2017-06-26,969.9,973.31,950.79,952.27,1596876,-0.01817713166305804
2017-06-27,942.46,948.29,926.85,928.13,2578143,-0.015204889332173292
2017-06-28,929,942.75,916,940.49,2719227,0.012368137782561904
2017-06-29,929.92,931.26,910.62,917.79,3288129,-0.013044132828630416
2017-06-30,926.05,926.05,908.31,908.73,2086402,-0.018703093785432685
2017-07-03,912.18,913.94,894.79,898.11,1710373,-0.015424587252515881
2017-07-05,901.76,914.51,898.5,911.71,1813319,0.011033977998580604
2017-07-06,904.12,914.944,899.7,906.69,1424384,0.0028425430252621885
2017-07-07,908.85,921.54,908.85,918.59,1603306,0.010716839962590097
2017-07-10,921.77,930.38,919.59,928.8,1192091,0.007626631372251183
2017-07-11,929.54,931.43,922,930.09,1112531,5.916905135874391E-4
2017-07-12,938.68,946.3,934.47,943.83,1531394,0.005486427749605926
2017-07-13,946.29,954.45,943.01,947.159,1294675,9.18323135613848E-4
2017-07-14,952,956.91,948.005,956,1052894,0.004201680672268907
2017-07-17,957,960.74,949.241,953.42,1164272,-0.003740856844305163
2017-07-18,953,968.04,950.6,965.4,1153053,0.01301154249737668
2017-07-19,967.84,973.04,964.03,970.89,1223978,0.0031513473301371655
2017-07-20,975,975.9,961.51,968.15,1621399,-0.007025641025641049
2017-07-21,962.25,973.23,960.15,972.92,1697398,0.011088594440114273
2017-07-24,972.22,986.2,970.77,980.34,3218803,0.008352019090329354
2017-07-25,953.81,959.7,945.4,950.7,4658321,-0.003260607458508403
2017-07-26,954.68,955,942.279,947.8,2082194,-0.007206603259731005
2017-07-27,951.78,951.78,920,934.09,3129465,-0.01858622790981103
2017-07-28,929.4,943.83,927.5,941.53,1802451,0.013051431030772536
2017-07-31,941.89,943.59,926.04,930.5,1965455,-0.012092707216341597
2017-08-01,932.38,937.447,929.26,930.83,1234746,-0.0016624123211565612
2017-08-02,928.61,932.6,916.68,930.39,1822424,0.0019168434541949502
2017-08-03,930.34,932.24,922.24,923.65,1201975,-0.007190919448803721
2017-08-04,926.64,930.307,923.03,927.96,1081918,0.0014245014245014786
2017-08-07,929.06,931.7,926.5,929.36,1031721,3.229070243042088E-4
2017-08-08,927.09,935.814,925.61,926.79,1057532,-3.235931786558675E-4
2017-08-09,920.61,925.98,917.25,922.9,1191341,0.002487481126644251
2017-08-10,917.55,919.26,906.13,907.24,1757389,-0.011236444880387931
2017-08-11,907.97,917.78,905.58,914.39,1205970,0.007070718195535049
2017-08-14,922.53,924.668,918.19,922.67,1063412,1.5175658244174863E-4
2017-08-15,924.23,926.55,919.82,922.22,882511,-0.002174783333152993
2017-08-16,925.29,932.7,923.445,926.96,1005761,0.001804839563812505
2017-08-17,925.78,926.86,910.98,910.98,1254503,-0.015986519475469287
2017-08-18,910.31,915.275,907.154,910.67,1342011,3.9546967516561793E-4
2017-08-21,910,913,903.4,906.66,942384,-0.0036703296703297053
2017-08-22,912.72,925.86,911.475,924.69,1166326,0.01311464633184331
2017-08-23,921.93,929.93,919.36,927,1088590,0.005499332921154589
2017-08-24,928.66,930.84,915.5,921.28,1269905,-0.007946934292421333
2017-08-25,923.49,925.555,915.5,915.89,1052775,-0.008229650564705652
2017-08-28,916,919.245,911.87,913.81,1085353,-0.0023908296943232037
2017-08-29,905.1,923.33,905,921.29,1185501,0.01788752624019439
2017-08-30,920.05,930.819,919.65,929.57,1301127,0.010347263735666645
2017-08-31,931.76,941.98,931.76,939.33,1576875,0.00812440971924106
2017-09-01,941.13,942.48,935.15,937.34,947039,-0.004027073836770652
2017-09-05,933.08,937,921.96,928.45,1346797,-0.004962061130878376
2017-09-06,930.15,930.915,919.27,927.81,1527274,-0.0025157232704402857
2017-09-07,931.73,936.41,923.62,936.02,1211997,0.004604338166636218
2017-09-08,936.49,936.99,924.88,926.5,999166,-0.010667492445194299
2017-09-11,934.25,938.38,926.92,929.08,1266079,-0.00553385068236549
2017-09-12,932.59,933.48,923.861,932.07,1134054,-5.575869353091732E-4
2017-09-13,930.66,937.25,929.86,935.09,1101219,0.004760062751165908
2017-09-14,931.25,932.77,924,925.11,1395543,-0.006593288590604012
2017-09-15,924.66,926.49,916.36,920.29,2499545,-0.004726061471243489
2017-09-18,920.01,922.08,910.6,915,1300826,-0.005445592982684961
2017-09-19,917.42,922.42,912.55,921.81,923253,0.004785158378932208
2017-09-20,922.98,933.88,922,931.58,1542266,0.009317645019393727
2017-09-21,933,936.53,923.83,932.45,1227066,-5.894962486601871E-4
2017-09-22,927.75,934.73,926.48,928.53,1052171,8.407437348423311E-4
2017-09-25,925.45,926.4,909.7,920.97,1855886,-0.004840888216543323
2017-09-26,923.72,930.82,921.14,924.86,1666749,0.0012341402156497492
2017-09-27,927.74,949.9,927.74,944.49,2237538,0.018054627374048764
2017-09-28,941.36,950.69,940.55,949.5,997202,0.008647063822554587
2017-09-29,952,959.786,951.51,959.11,1579728,0.007468487394957998
2017-10-02,959.98,962.54,947.84,953.27,1282861,-0.006989728952686552
2017-10-03,954,958,949.14,957.79,888306,0.003972746331236859
2017-10-04,957,960.39,950.69,951.68,951792,-0.00555903866248699
2017-10-05,955.49,970.91,955.18,969.96,1213368,0.015144062208919012
2017-10-06,966.7,979.46,963.36,978.38,1172738,0.01208234198820725
2017-10-09,980,985.425,976.11,977,890722,-0.003061224489795918
2017-10-10,980,981.57,966.08,972.6,968115,-0.007551020408163242
2017-10-11,973.72,990.71,972.25,989.25,1692880,0.015949143490941925
2017-10-12,987.45,994.12,985,987.91,1278363,4.658463719681226E-4
2017-10-13,992,997.21,989,989.68,1169587,-0.0023387096774194053
2017-10-16,992.1,993.907,984,992,910246,-1.0079629069652528E-4
2017-10-17,990.29,996.44,988.59,992.18,1290157,0.0019085318442072388
2017-10-18,991.77,996.72,986.975,992.81,1057506,0.00104863022676625
2017-10-19,986,988.88,978.39,984.45,1312902,-0.0015720081135902175
2017-10-20,989.44,991,984.58,988.2,1176177,-0.0012532341526520143
2017-10-23,989.52,989.52,966.12,968.45,1478308,-0.021293152235427215
2017-10-24,970,972.23,961,970.54,1206099,5.567010309277976E-4
2017-10-25,968.37,976.09,960.52,973.33,1210419,0.005122009149395413
2017-10-26,980,987.6,972.2,972.56,2031039,-0.0075918367346939335
2017-10-27,1009.11,1048.39,1008.25,1019.27,5165933,0.010068277987533538
2017-10-30,1014,1024.97,1007.5,1017.11,2085062,0.0030670611439842345
2017-10-31,1015.22,1024,1010.42,1016.64,1331391,0.001398711609306317
2017-11-01,1017.21,1029.67,1016.95,1025.5,1373444,0.008149742924273222
2017-11-02,1021.76,1028.09,1013.01,1025.58,1048970,0.0037386470404008145
2017-11-03,1022.11,1032.65,1020.31,1032.48,1076350,0.010145679036502925
2017-11-06,1028.99,1034.87,1025,1025.9,1124765,-0.0030029446350303872
2017-11-07,1027.27,1033.96,1027.12,1033.33,1112146,0.005899130705656687
2017-11-08,1030.52,1043.52,1028.45,1039.85,1088395,0.009053681636455311
2017-11-09,1033.99,1033.99,1019.67,1031.05,1244886,-0.002843354384471856
2017-11-10,1026.46,1030.76,1025.28,1028.07,720674,0.0015684975547024724
2017-11-13,1023.42,1031.58,1022.57,1025.75,885615,0.002276680150866742
2017-11-14,1022.59,1026.81,1014.15,1026,958747,0.0033346698090143344
2017-11-15,1019.21,1024.09,1015.42,1020.91,848005,0.001667958516890466
2017-11-16,1022.52,1035.92,1022.52,1032.5,1129425,0.009760200289480908
2017-11-17,1034.01,1034.42,1017.75,1019.09,1367037,-0.01442926083886999
2017-11-20,1020.26,1022.61,1017.5,1018.38,951696,-0.0018426675553290294
2017-11-21,1023.31,1035.11,1022.66,1034.49,1096172,0.010925330544996203
2017-11-22,1035,1039.71,1031.43,1035.96,746354,9.275362318840932E-4
2017-11-24,1035.87,1043.18,1035,1040.61,536996,0.004575863766688879
2017-11-27,1040,1055.46,1038.44,1054.36,1307476,0.013807692307692212
2017-11-28,1055.09,1062.38,1040,1047.41,1422877,-0.007278999895743337
2017-11-29,1042.68,1043.59,1015.65,1021.66,2458202,-0.020159588752062085
2017-11-30,1022.37,1028.49,1015,1021.41,1723635,-9.38994688811327E-4
2017-12-01,1015.8,1022.49,1002.02,1010.17,1908985,-0.005542429612128368
2017-12-04,1012.66,1016.1,995.57,998.68,1906075,-0.013805225840854796
2017-12-05,995.94,1020.61,988.28,1005.15,2066276,0.009247545032833225
2017-12-06,1001.5,1024.97,1001.14,1018.38,1258519,0.016854717923115322
2017-12-07,1020.43,1034.24,1018.07,1030.93,1458154,0.01028977979871242
2017-12-08,1037.49,1042.05,1032.52,1036.88,1288482,-5.879574742888124E-4
2017-12-11,1035.5,1043.8,1032.05,1041.1,1190531,0.0054080154514726305
2017-12-12,1039.63,1050.31,1033.69,1040.48,1279526,8.175985687214768E-4
2017-12-13,1046.12,1046.67,1038.38,1040.61,1220365,-0.005267082170305502
2017-12-14,1045,1058.5,1043.11,1049.15,1558722,0.003971291866028795
2017-12-15,1054.61,1067.62,1049.5,1064.19,3275606,0.009083926759655376
2017-12-18,1066.08,1078.49,1062,1077.14,1552018,0.010374455950773088
2017-12-19,1075.2,1076.84,1063.55,1070.68,1338422,-0.004203869047619031
2017-12-20,1071.78,1073.38,1061.52,1064.95,1268286,-0.006372576461587199
2017-12-21,1064.95,1069.33,1061.79,1063.63,986553,-0.0012394948119629431
2017-12-22,1061.11,1064.2,1059.44,1060.12,755089,-9.329852701416528E-4
2017-12-26,1058.07,1058.83,1050.2,1056.74,761185,-0.0012570056801534182
2017-12-27,1057.39,1058.37,1048.05,1049.37,1271801,-0.007584713303511673
2017-12-28,1051.6,1054.75,1044.77,1048.14,834612,-0.0032902244199313514
2017-12-29,1046.72,1049.7,1044.9,1046.4,886894,-3.05716906144849E-4
2018-01-02,1048.34,1066.94,1045.23,1064.9,1236401,0.015796401930671514
2018-01-03,1064.31,1086.29,1063.21,1082.48,1429883,0.017072093656923335
2018-01-04,1088,1093.57,1084,1086.4,1003740,-0.0014705882352940341
2018-01-05,1094,1104.25,1092,1102.23,1278921,0.00752285191956126
2018-01-08,1102.23,1111.27,1101.62,1106.94,1046769,0.004273155330557176
2018-01-09,1109.4,1110.57,1101.23,1106.26,902138,-0.002830358752478907
2018-01-10,1097.1,1104.6,1096.11,1102.61,1042297,0.005022331601494842
2018-01-11,1106.3,1106.5,1099.59,1105.52,977959,-7.050528789658979E-4
2018-01-12,1102.41,1124.29,1101.15,1122.26,1718498,0.01800600502535346
2018-01-16,1132.51,1139.91,1117.83,1121.76,1566674,-0.009492189914437841
2018-01-17,1126.22,1132.6,1117.01,1131.98,1200479,0.005114453659142966
2018-01-18,1131.41,1132.51,1117.5,1129.79,1196743,-0.0014318416842701745
2018-01-19,1131.83,1137.86,1128.3,1137.51,1390222,0.005018421494394091
2018-01-22,1137.49,1159.88,1135.11,1155.81,1616135,0.01610563609350406
2018-01-23,1159.85,1171.63,1158.75,1169.97,1319468,0.00872526619821539
2018-01-24,1177.33,1179.86,1161.05,1164.24,1382914,-0.011118378024852776
2018-01-25,1172.53,1175.94,1162.76,1170.37,1461520,-0.0018421703495860079
2018-01-26,1175.08,1175.84,1158.11,1175.84,1982095,6.467644756101635E-4
2018-01-29,1176.48,1186.89,1171.98,1175.58,1337342,-7.64993880049037E-4
2018-01-30,1167.83,1176.52,1163.52,1163.69,1546197,-0.0035450365207263666
2018-01-31,1170.57,1173,1159.13,1169.94,1524846,-5.381993387835685E-4
2018-02-01,1162.61,1174,1157.52,1167.7,2388134,0.004378080353687089
2018-02-02,1122,1123.07,1107.28,1111.9,4838121,-0.009001782531194215
2018-02-05,1090.6,1110,1052.03,1055.8,3770704,-0.031909040894920186
2018-02-06,1027.18,1081.71,1023.1367,1080.6,3447956,0.05200646430031722
2018-02-07,1081.54,1081.78,1048.26,1048.58,2359880,-0.030475063335614068
2018-02-08,1055.41,1058.62,1000.66,1001.52,2810212,-0.051060725215793
2018-02-09,1017.25,1043.97,992.56,1037.78,3503992,0.02018186286556891
2018-02-12,1048,1061.5,1040.93,1052.48,2055570,0.004274809160305361
2018-02-13,1045,1058.37,1044.09,1052.1,1213952,0.006794258373205655
2018-02-14,1048.95,1071.72,1046.75,1069.71,1555384,0.019791219791219783
2018-02-15,1079.07,1091.48,1064.34,1089.52,1785770,0.009684265154253243
2018-02-16,1088.41,1104.67,1088.31,1094.8,1680545,0.005870949366506989
2018-02-20,1090.57,1113.95,1088.52,1102.71,1391714,0.011131793465802379
2018-02-21,1106.47,1133.97,1106.33,1111.34,1507505,0.004401384583404783
2018-02-22,1116.19,1122.82,1102.59,1106.63,1309662,-0.00856485007032848
2018-02-23,1112.64,1127.28,1104.71,1126.79,1259230,0.012717500719010517
2018-02-26,1127.8,1143.96,1126.7,1143.75,1515329,0.01414257847136021
2018-02-27,1141.24,1144.04,1118,1118.29,1774080,-0.0201097052329046
2018-02-28,1123.03,1127.53,1103.24,1104.73,1882600,-0.016295201374851923
2018-03-01,1107.87,1110.12,1067,1069.52,2515910,-0.03461597479848711
2018-03-02,1053.08,1082,1048.12,1078.92,2271551,0.02453754700497602
2018-03-05,1075.14,1097.1,1069,1090.93,1202174,0.014686459437840619
2018-03-06,1099.22,1101.85,1089.78,1095.06,1532783,-0.0037845017375958243
2018-03-07,1089.19,1112.22,1085.48,1109.64,1292537,0.018775420266436568
2018-03-08,1115.32,1127.6,1112.8,1126,1355125,0.00957572714557263
2018-03-09,1136,1160.8,1132.46,1160.04,2128038,0.021161971830985882
2018-03-12,1163.85,1177.05,1157.42,1164.5,2172272,5.584912145036654E-4
2018-03-13,1170,1176.76,1133.33,1138.17,1907171,-0.027205128205128142
2018-03-14,1145.21,1158.59,1141.44,1149.49,1291415,0.0037373058216396754
2018-03-15,1149.96,1161.08,1134.54,1149.58,1472226,-3.304462763923172E-4
2018-03-16,1154.14,1155.88,1131.96,1135.73,3091954,-0.015951271076299307
2018-03-19,1120.01,1121.99,1089.01,1099.82,2805937,-0.018026624762278957
2018-03-20,1099,1105.2,1083.46,1097.71,1831896,-0.001173794358507701
2018-03-21,1092.74,1106.3,1085.15,1090.88,1878873,-0.0017021432362683711
2018-03-22,1081.88,1082.9,1045.91,1049.08,2666964,-0.030317595297075627
2018-03-23,1047.03,1063.36,1021.22,1021.57,2156672,-0.024316399721115847
2018-03-26,1046,1055.63,1008.4,1053.21,2665131,0.00689292543021036
2018-03-27,1063,1064.84,996.92,1005.1,3095315,-0.054468485418626506
2018-03-28,998,1024.23,980.64,1004.56,3369275,0.006573146292585116
2018-03-29,1011.63,1043,1002.9,1031.79,2726830,0.01992823463123866
2018-04-02,1022.82,1034.8,990.37,1006.47,2680400,-0.0159852173402945
2018-04-03,1013.91,1020.99,994.07,1013.41,2275076,-4.931404168022803E-4
2018-04-04,993.41,1028.72,993,1025.14,2484651,0.031940487814699
2018-04-05,1041.33,1042.79,1020.13,1027.81,1363049,-0.012983396233662703
2018-04-06,1020,1031.42,1003.03,1007.04,1746430,-0.012705882352941213
2018-04-09,1016.8,1039.6,1014.08,1015.45,1751559,-0.0013276947285600995
2018-04-10,1026.44,1036.28,1011.34,1031.64,2029648,0.005066053544289043
2018-04-11,1019.97,1031.36,1015.87,1019.97,1483881,0.0
2018-04-12,1025.04,1040.69,1021.43,1032.51,1359389,0.007287520487005412
2018-04-13,1040.88,1046.42,1022.98,1029.27,1223017,-0.011154023518561339
2018-04-16,1037,1043.24,1026.74,1037.98,1211208,9.450337512054177E-4
2018-04-17,1051.37,1077.88,1048.26,1074.16,2320266,0.021676479260393764
2018-04-18,1077.43,1077.43,1066.23,1072.08,1344138,-0.0049655198017505885
2018-04-19,1069.4,1094.17,1068.18,1087.7,1747671,0.01711239947634183
2018-04-20,1082,1092.35,1069.57,1072.96,1889686,-0.008354898336414014
2018-04-23,1077.86,1082.72,1060.7,1067.45,2341258,-0.009658026088731241
2018-04-24,1052,1057,1010.59,1019.98,4760260,-0.03043726235741443
2018-04-25,1025.52,1032.49,1015.31,1021.18,2391105,-0.00423199937592639
2018-04-26,1029.51,1047.98,1018.19,1040.04,2079533,0.010228166797796983
2018-04-27,1046,1049.5,1025.59,1030.05,1619796,-0.015248565965583218
2018-04-30,1030.01,1037,1016.85,1017.33,1671254,-0.012310560091649547
2018-05-01,1013.66,1038.47,1008.21,1037.31,1427857,0.023331294516899137
2018-05-02,1028.1,1040.39,1022.87,1024.38,1603081,-0.0036183250656548977
2018-05-03,1019,1029.68,1006.29,1023.72,1815058,0.0046319921491658755
2018-05-04,1016.9,1048.51,1016.9,1048.21,1938658,0.030789654833317002
2018-05-07,1049.23,1061.68,1047.1,1054.79,1466065,0.005299124119592411
2018-05-08,1058.54,1060.55,1047.15,1053.91,1217721,-0.004373949024127461
2018-05-09,1058.1,1085.44,1056.37,1082.76,2032818,0.023305925715905947
2018-05-10,1086.03,1100.44,1085.64,1097.57,1443025,0.0106258574809167
2018-05-11,1093.6,1101.33,1090.91,1098.26,1253665,0.004261155815654794
2018-05-14,1100,1110.75,1099.11,1100.2,1518077,1.8181818181822317E-4
2018-05-15,1090,1090.05,1073.47,1079.23,1494872,-0.009880733944954112
2018-05-16,1077.31,1089.27,1076.26,1081.77,1097317,0.004139941149715529
2018-05-17,1079.89,1086.87,1073.5,1078.59,1043766,-0.0012038263156434283
2018-05-18,1061.86,1069.94,1060.68,1066.36,1565240,0.0042378467971295655
2018-05-21,1074.06,1088,1073.65,1079.58,1023211,0.00513937768839728
2018-05-22,1083.56,1086.59,1066.69,1069.73,1090002,-0.01276348333271801
2018-05-23,1065.13,1080.78,1061.71,1079.69,1060683,0.013669692901335935
2018-05-24,1079,1080.47,1066.15,1079.24,766773,2.2242817423541157E-4
2018-05-25,1079.02,1082.56,1073.78,1075.66,899406,-0.0031139367203572685
2018-05-29,1064.89,1073.37,1055.22,1060.32,1865139,-0.004291523068110475
2018-05-30,1063.03,1069.21,1056.83,1067.8,1138457,0.00448717345700496
2018-05-31,1067.56,1097.19,1067.56,1084.99,3088305,0.01632695117838816
2018-06-01,1099.35,1120,1098.5,1119.5,2421598,0.018329012598353657
2018-06-04,1122.33,1141.89,1122.01,1139.29,1889579,0.015111419992337402
2018-06-05,1140.99,1145.74,1133.19,1139.66,1677973,-0.0011656543878560963
2018-06-06,1142.17,1143,1125.74,1136.88,1698247,-0.004631534710244503
2018-06-07,1131.32,1135.82,1116.52,1123.86,1520020,-0.006594067107449737
2018-06-08,1118.18,1126.67,1112.15,1120.87,1290845,0.0024056949686095505
2018-06-11,1118.6,1137.26,1118.6,1129.99,1079294,0.010182370820668783
2018-06-12,1131.07,1139.79,1130.74,1139.32,912018,0.007293978268365354
2018-06-13,1141.12,1146.5,1133.38,1134.79,1506407,-0.005547181716208574
2018-06-14,1143.85,1155.47,1140.64,1152.12,1350868,0.007229968964462108
2018-06-15,1148.86,1153.42,1143.49,1152.26,2122476,0.0029594554601954036
2018-06-18,1143.65,1174.31,1143.59,1173.46,1413692,0.026065666943557858
2018-06-19,1158.5,1171.27,1154.01,1168.06,1621018,0.00825205006473884
2018-06-20,1175.31,1186.29,1169.16,1169.84,1648536,-0.004654091261029028
2018-06-21,1174.85,1177.3,1152.23,1157.66,1238118,-0.014631655104906863
2018-06-22,1159.14,1162.5,1147.26,1155.48,1310967,-0.003157513328847319
2018-06-25,1143.6,1143.91,1112.78,1124.81,2157310,-0.016430570129415848
2018-06-26,1128,1133.21,1116.66,1118.46,1563225,-0.008457446808510606
2018-06-27,1121.34,1131.84,1103.62,1103.98,1293892,-0.015481477517969484
2018-06-28,1102.09,1122.31,1096.01,1114.22,1072438,0.011006360642052926
2018-06-29,1120,1128.23,1115,1115.65,1315121,-0.00388392857142849
2018-07-02,1099,1128,1093.8,1127.46,1217311,0.025896269335759815
2018-07-03,1135.82,1135.82,1100.02,1102.89,679034,-0.028992269901920935
2018-07-05,1110.53,1127.5,1108.48,1124.27,1066685,0.012372470802229574
2018-07-06,1123.58,1140.93,1120.74,1140.17,996079,0.014765303761192035
2018-07-09,1148.48,1154.67,1143.42,1154.05,908969,0.004849888548342101
2018-07-10,1156.98,1159.59,1149.59,1152.84,798412,-0.003578281387750955
2018-07-11,1144.59,1164.29,1141,1153.9,1119993,0.008133916948427099
2018-07-12,1159.89,1184.41,1155.94,1183.48,1251884,0.020338135512850283
2018-07-13,1185,1195.42,1180,1188.82,1222072,0.0032236286919830686
2018-07-16,1189.39,1191,1179.28,1183.86,1055662,-0.0046494421510187576
2018-07-17,1172.22,1203.04,1170.6,1198.8,1610353,0.02267492450222648
2018-07-18,1196.56,1204.5,1190.34,1195.88,1393606,-5.682957812394166E-4
2018-07-19,1191,1200,1183.32,1186.96,1276667,-0.003392107472711976
2018-07-20,1186.96,1196.86,1184.22,1184.91,1248400,-0.0017271011660038708
2018-07-23,1181.01,1206.49,1181,1205.5,2619234,0.020736488260048612
2018-07-24,1262.59,1266,1235.56,1248.08,3318204,-0.011492250057421643
2018-07-25,1239.13,1265.86,1239.13,1263.7,2139999,0.019828428009974686
2018-07-26,1251,1269.77,1249.02,1268.33,2405638,0.013852917665867248
2018-07-27,1271,1273.89,1231,1238.5,2130558,-0.025570416994492525
2018-07-30,1228.01,1234.92,1211.47,1219.74,1849904,-0.006734472846312312
2018-07-31,1220.01,1227.59,1205.6,1217.26,1644722,-0.00225407988459111
2018-08-01,1228,1233.47,1210.21,1220.01,1567264,-0.006506514657980463
2018-08-02,1205.9,1229.88,1204.79,1226.15,1531299,0.016792437183846088
2018-08-03,1229.62,1230,1215.06,1223.71,1089896,-0.004806362941396411
2018-08-06,1225,1226.09,1215.8,1224.77,1081723,-1.8775510204083117E-4
2018-08-07,1237,1251.17,1236.17,1242.22,1493980,0.004219886822958793
2018-08-08,1240.47,1256.5,1238.01,1245.61,1370913,0.004143590735769404
2018-08-09,1249.9,1255.54,1246.01,1249.1,848601,-6.400512040964732E-4
2018-08-10,1243,1245.7,1232,1237.61,1108919,-0.004336283185840789
2018-08-13,1236.98,1249.27,1233.64,1235.01,997346,-0.0015925884007825732
2018-08-14,1235.19,1245.87,1225.11,1242.1,1348194,0.005594281041782927
2018-08-15,1229.26,1235.24,1209.51,1214.38,1828814,-0.012104843564420775
2018-08-16,1224.73,1226,1202.55,1206.49,1343161,-0.014893078474439271
2018-08-17,1202.03,1209.02,1188.24,1200.96,1389645,-8.901608112941743E-4
2018-08-20,1205.02,1211,1194.63,1207.77,870772,0.002282119798841513
2018-08-21,1208,1217.26,1200.35,1201.62,1205580,-0.005281456953642474
2018-08-22,1200,1211.84,1199,1207.33,887389,0.006108333333333273
2018-08-23,1207.14,1221.28,1204.24,1205.38,992604,-0.001457991616548197
2018-08-24,1208.82,1221.65,1206.36,1220.65,946840,0.009786403269304078
2018-08-27,1227.6,1243.09,1225.72,1241.82,1156255,0.011583577712609993
2018-08-28,1241.29,1242.55,1228.69,1231.15,1304007,-0.008168921041819295
2018-08-29,1237.45,1250.66,1236.36,1249.3,1309312,0.009576144490686419
2018-08-30,1244.23,1253.64,1232.59,1239.12,1331439,-0.004106957716820948
2018-08-31,1234.98,1238.66,1211.29,1218.19,1816426,-0.013595361868208363
2018-09-04,1204.27,1212.99,1192.5,1197,1831045,-0.006036852200918384
2018-09-05,1193.8,1199.01,1162,1186.48,2061309,-0.0061316803484670265
2018-09-06,1186.3,1186.3,1152,1171.44,1888467,-0.01252634240917129
2018-09-07,1158.67,1175.26,1157.22,1164.83,1401404,0.005316440401494691
2018-09-10,1172.19,1174.54,1160.11,1164.64,1115796,-0.006440935343246363
2018-09-11,1161.63,1178.68,1156.24,1177.36,1209565,0.013541316942571895
2018-09-12,1172.72,1178.61,1158.36,1162.82,1295472,-0.008441912818064065
2018-09-13,1170.74,1178.61,1162.85,1175.33,1431214,0.003920597229102891
2018-09-14,1179.1,1180.43,1168.33,1172.53,943978,-0.005572046476125805
2018-09-17,1170.14,1177.24,1154.03,1156.05,1306522,-0.012041294204112452
2018-09-18,1157.09,1176.08,1157.09,1161.22,1203686,0.0035692988445152145
2018-09-19,1164.98,1173.21,1154.58,1171.09,1191386,0.0052447252313343575
2018-09-20,1179.99,1189.89,1173.36,1186.87,1225387,0.0058305578860836805
2018-09-21,1192,1192.21,1166.04,1166.09,4405584,-0.02173657718120812
2018-09-24,1157.17,1178,1146.91,1173.37,1271017,0.013999671612641026
2018-09-25,1176.15,1186.88,1168,1184.65,977731,0.007226969349147642
2018-09-26,1185.15,1194.23,1174.77,1180.49,1462253,-0.003931991731004583
2018-09-27,1186.73,1202.1,1183.63,1194.64,1260754,0.006665374600793847
2018-09-28,1191.87,1195.41,1184.5,1193.47,1380629,0.0013424282849640787
2018-10-01,1199.89,1209.9,1190.3,1195.31,1357604,-0.003817016559851448
2018-10-02,1190.96,1209.96,1186.63,1200.11,1687914,0.0076828776785113385
2018-10-03,1205,1206.41,1193.83,1202.95,1256214,-0.0017012448132779706
2018-10-04,1195.33,1197.51,1155.58,1168.19,2209490,-0.022705027063655955
2018-10-05,1167.5,1173.5,1145.12,1157.35,1184452,-0.008693790149893011
2018-10-08,1150.11,1168,1127.36,1148.97,1932355,-9.912095364790088E-4
2018-10-09,1146.15,1154.35,1137.57,1138.82,1308764,-0.006395323474239981
2018-10-10,1131.08,1132.17,1081.13,1081.22,2675742,-0.04408176256321383
2018-10-11,1072.94,1106.4,1068.27,1079.32,2950120,0.005946278449866611
2018-10-12,1108,1115,1086.4,1110.08,2101303,0.0018772563176894651
2018-10-15,1108.91,1113.45,1089,1092.25,1372393,-0.015023762072666024
2018-10-16,1104.59,1124.22,1102.5,1121.28,1928540,0.015109678704315678
2018-10-17,1126.46,1128.99,1102.19,1115.69,1467226,-0.009560925376844257
2018-10-18,1121.84,1121.84,1077.09,1087.97,2094524,-0.030191471154531746
2018-10-19,1093.37,1110.36,1087.75,1096.46,1267649,0.0028261247336218718
2018-10-22,1103.06,1112.23,1091,1101.16,1514220,-0.001722481098036248
2018-10-23,1080.89,1107.89,1070,1103.69,1848654,0.021093728316479893
2018-10-24,1104.25,1106.12,1048.74,1050.71,1982430,-0.048485397328503474
2018-10-25,1071.79,1110.98,1069.55,1095.57,2545839,0.022187182190541034
2018-10-26,1037.03,1106.53,1034.09,1071.47,4187586,0.033210225355100674
2018-10-29,1082.47,1097.04,995.83,1020.08,3880723,-0.05763670124807153
2018-10-30,1008.46,1037.49,1000.75,1036.21,3212657,0.02751720445035004
2018-10-31,1059.81,1091.94,1057,1076.77,2529768,0.01600286843868244
2018-11-01,1075.8,1083.98,1062.46,1070,1481979,-0.005391336679680196
2018-11-02,1073.73,1082.98,1054.61,1057.79,1839043,-0.014845445316792914
2018-11-05,1055,1058.47,1021.24,1040.09,2441430,-0.014132701421801026
2018-11-06,1039.48,1064.35,1038.07,1055.81,1233306,0.01570977796590596
2018-11-07,1069,1095.46,1065.9,1093.39,2058356,0.0228157156220768
2018-11-08,1091.38,1093.27,1072.2,1082.4,1488182,-0.008228114863750496
2018-11-09,1073.99,1075.56,1053.11,1066.15,1343313,-0.007299881749364443
2018-11-12,1061.39,1062.12,1031,1038.63,1471758,-0.02144357870339836
2018-11-13,1043.29,1056.61,1031.15,1036.05,1513702,-0.0069395853501902725
2018-11-14,1050,1054.56,1031,1043.66,1565945,-0.00603809523809516
2018-11-15,1044.71,1071.85,1031.78,1064.71,1836084,0.019144068688918454
2018-11-16,1059.41,1067,1048.98,1061.49,1658116,0.001963356962837737
2018-11-19,1057.2,1060.79,1016.26,1020,1858614,-0.03518728717366633
2018-11-20,1000,1031.74,996.05,1025.76,2415849,0.02575999999999999
